{
  "protocol": "Experimental CS-based forecasting: QR sensor placement, sparse sensor measurements, coefficient recovery, LSTM coefficient rollout, dictionary reconstruction.",
  "coefficient_source": "sensor_cs",
  "train_shape": [
    160,
    20,
    64,
    64
  ],
  "tuning_train_shape": [
    128,
    20,
    64,
    64
  ],
  "tuning_dev_shape": [
    32,
    20,
    64,
    64
  ],
  "official_test_shape": [
    40,
    20,
    64,
    64
  ],
  "common_warmup_steps": 7,
  "config": {
    "rank": 45,
    "n_sensors": 45,
    "coefficient_source": "sensor_cs",
    "n_train_trajectories": 160,
    "n_test_trajectories": 40,
    "lstm_hidden_size": 128,
    "lstm_num_layers": 2,
    "lstm_seq_length": 7,
    "lstm_num_epochs": 50,
    "lstm_batch_size": 32,
    "cs_max_iter": 100,
    "cs_tol": 0.0001,
    "cs_epsilon_l1": 0.003,
    "cs_initialization": "zero",
    "correction_hidden_size": 128,
    "correction_num_layers": 2,
    "correction_num_epochs": 80,
    "correction_batch_size": 32,
    "correction_spatial_loss_weight": 0.25,
    "correction_rel_frob_loss_weight": 0.1,
    "common_warmup_steps": 7,
    "skip_official_test": false,
    "verbose": false,
    "output": "scripts/plots/models_eval/cs_forecasting_r45_s45_eps003_corr_h128_l2_e80_spatial025_rel01_train160_probe.json"
  },
  "sensor_summary": {
    "rank": 45,
    "requested_sensors": 45,
    "actual_sensors": 45,
    "sensor_indices": [
      39,
      80,
      119,
      189,
      556,
      591,
      671,
      793,
      816,
      848,
      887,
      899,
      996,
      1190,
      1396,
      1511,
      1534,
      1539,
      1562,
      1757,
      1803,
      1861,
      1897,
      2105,
      2225,
      2265,
      2445,
      2526,
      2702,
      2740,
      2755,
      2851,
      2899,
      2937,
      2984,
      3268,
      3336,
      3432,
      3453,
      3547,
      3741,
      3760,
      3850,
      3894,
      3999
    ],
    "coefficient_source": "sensor_cs",
    "feature_mode": "coeff_plus_delta",
    "cs_initialization": "zero",
    "correction_enabled": true,
    "correction_num_epochs": 80,
    "correction_training_history": {
      "train_total_loss": [
        1.083872469661822,
        1.0443747056195818,
        1.0076083951765955,
        0.9598647875663562,
        0.9078273059376045,
        0.8584233431614722,
        0.8124637057159102,
        0.7726274810585321,
        0.7368574455313014,
        0.7041429737034965,
        0.6744023422130453,
        0.6466713209677246,
        0.6218904749480487,
        0.6011644339309739,
        0.5796593619148116,
        0.5620241184939446,
        0.5467293450375668,
        0.5301891035803483,
        0.5159111400085696,
        0.5012367140293841,
        0.4904446717840514,
        0.477530918509712,
        0.4673570030864727,
        0.45860350590485793,
        0.44757658548844165,
        0.44142142234884235,
        0.4317101299043514,
        0.42473717858708643,
        0.4159398556744531
      ],
      "train_latent_loss": [
        1.0072588836085923,
        0.9681734492156661,
        0.9318802712729614,
        0.8845718149685752,
        0.8331256145625453,
        0.7839779175065043,
        0.7385731848296716,
        0.6989969198520367,
        0.6634661375487372,
        0.6310607456513659,
        0.6015088362211914,
        0.5739474819796118,
        0.5495151237305114,
        0.5288615067620083,
        0.507483373040707,
        0.48988314195456006,
        0.47480073602670636,
        0.4583442516815968,
        0.4440833183165589,
        0.4295673086272825,
        0.4188211855126003,
        0.4059160395355426,
        0.3958099483095143,
        0.3871474899407785,
        0.3760403520561092,
        0.3699730781678161,
        0.360427318205481,
        0.3534235756501533,
        0.34454931550256085
      ],
      "train_spatial_loss": [
        0.19395203695128227,
        0.19264078906668436,
        0.19116423817331796,
        0.1898597850833723,
        0.18802844756598927,
        0.1872938329502828,
        0.185627162681266,
        0.1849331466725509,
        0.18431527415911356,
        0.1834334161801216,
        0.18298066170327085,
        0.18251797395054573,
        0.18152809329611863,
        0.1814021991838337,
        0.18107661128403735,
        0.18105289803011565,
        0.18049811213354539,
        0.18031528009997952,
        0.18028117878134972,
        0.1798914382135886,
        0.1798140632485912,
        0.1798220728137734,
        0.17966112038218957,
        0.17942896633666025,
        0.1797281569979669,
        0.17949035253549953,
        0.1790259466766412,
        0.1791493571946344,
        0.179437427206996
      ],
      "train_rel_frob_loss": [
        0.28125573683468286,
        0.28041058999021307,
        0.27937066856192966,
        0.27828022145397885,
        0.2769457618305586,
        0.2762196633745642,
        0.27483729570879295,
        0.27397272096410236,
        0.27312488058303813,
        0.27223871439290803,
        0.2714834270344241,
        0.2709434648264947,
        0.2699332426935659,
        0.2695237672796436,
        0.26906838235452346,
        0.26877754917691377,
        0.2680408039873362,
        0.26766039887344856,
        0.2675752635724944,
        0.26696546766822693,
        0.26669969597373433,
        0.2665936008073266,
        0.2663177248894,
        0.26598772276221,
        0.2660419231626243,
        0.2657575640563332,
        0.2652632309121064,
        0.2652626697024609,
        0.26531180253935077
      ],
      "val_total_loss": [
        7.421991218476606,
        7.3936005541558805,
        7.356721262960039,
        7.331951880596093,
        7.303978643473789,
        7.299301028957029,
        7.272657778136123,
        7.280384927106327,
        7.2493807662873575,
        7.262778056443795,
        7.266755696584487,
        7.274322357403456,
        7.284791878694613,
        7.262445743267353,
        7.267167903967863,
        7.28342155591976,
        7.2765388996643425,
        7.291324107604619,
        7.2710190835083734,
        7.276905104958799,
        7.267266375073315,
        7.2880162459153395,
        7.290667014714529,
        7.281863032008064,
        7.282926841600407,
        7.310492464776575,
        7.287664232874763,
        7.290995473692403,
        7.294980935091098
      ],
      "val_latent_loss": [
        7.323966929193079,
        7.295949157173111,
        7.259252903729501,
        7.235036996694712,
        7.207334303996972,
        7.203024074170717,
        7.176664555566551,
        7.184334935521233,
        7.153641678172455,
        7.167400224674383,
        7.17169149951822,
        7.179732119543313,
        7.189826423599875,
        7.16811010259143,
        7.172626969376965,
        7.189155505253718,
        7.182269835613183,
        7.196769223410702,
        7.176904424407779,
        7.183011207354845,
        7.173008235953969,
        7.194263808120637,
        7.196900813537236,
        7.187703064912875,
        7.189096151724369,
        7.216508870999489,
        7.193716353918674,
        7.197370777468709,
        7.201297991374541
      ],