{
  "protocol": "Experimental CS-based forecasting: QR sensor placement, sparse sensor measurements, coefficient recovery, LSTM coefficient rollout, dictionary reconstruction.",
  "coefficient_source": "sensor_cs",
  "train_shape": [
    160,
    20,
    64,
    64
  ],
  "tuning_train_shape": [
    128,
    20,
    64,
    64
  ],
  "tuning_dev_shape": [
    32,
    20,
    64,
    64
  ],
  "official_test_shape": [
    40,
    20,
    64,
    64
  ],
  "common_warmup_steps": 7,
  "config": {
    "rank": 30,
    "n_sensors": 30,
    "coefficient_source": "sensor_cs",
    "n_train_trajectories": 160,
    "n_test_trajectories": 40,
    "lstm_hidden_size": 128,
    "lstm_num_layers": 2,
    "lstm_seq_length": 7,
    "lstm_num_epochs": 50,
    "lstm_batch_size": 32,
    "cs_max_iter": 100,
    "cs_tol": 0.0001,
    "cs_epsilon_l1": 0.001,
    "cs_initialization": "zero",
    "correction_hidden_size": 64,
    "correction_num_layers": 2,
    "correction_num_epochs": 80,
    "correction_batch_size": 32,
    "correction_spatial_loss_weight": 0.0,
    "correction_rel_frob_loss_weight": 0.0,
    "common_warmup_steps": 7,
    "skip_official_test": false,
    "verbose": false,
    "output": "scripts/plots/models_eval/cs_forecasting_r30_s30_eps001_corr_h64_l2_e80_train160_probe.json"
  },
  "sensor_summary": {
    "rank": 30,
    "requested_sensors": 30,
    "actual_sensors": 30,
    "sensor_indices": [
      52,
      104,
      197,
      216,
      650,
      671,
      878,
      888,
      1038,
      1124,
      1367,
      1534,
      1603,
      1698,
      1772,
      1996,
      2069,
      2287,
      2372,
      2467,
      2548,
      2875,
      2982,
      3021,
      3034,
      3328,
      3494,
      3696,
      3738,
      3903
    ],
    "coefficient_source": "sensor_cs",
    "feature_mode": "coeff_plus_delta",
    "cs_initialization": "zero",
    "correction_enabled": true,
    "correction_num_epochs": 80,
    "correction_training_history": {
      "train_loss": [
        1.0079835194807787,
        0.9811567706400093,
        0.9616037960505593,
        0.9383041072934641,
        0.9134617284232495,
        0.8860178003663571,
        0.8633321024713473,
        0.838618398252116,
        0.8183466044126773,
        0.7981465941640586,
        0.7798977669547585,
        0.7630127112789931,
        0.7474832390947759,
        0.732401998783848,
        0.7203381957871162,
        0.7078481760679507,
        0.6952073210864406,
        0.6863348030037111,
        0.6747724190916231,
        0.6649029347511798,
        0.6567511439862834,
        0.6469773759849111,
        0.6394085002161259,
        0.6320300337775621,
        0.6227956832264343,
        0.6177710275844212,
        0.6101841498643924,
        0.6046012354112859,
        0.5980230116736296,
        0.5905973696420994,
        0.5845923730330949,
        0.5817164740051799,
        0.5746831331137978,
        0.5699584438250616,
        0.5651518788812387,
        0.5616789782029291,
        0.5563361414597225,
        0.551905755363798,
        0.547309177268864,
        0.5437359732560263,
        0.5379657385755628
      ],
      "val_loss": [
        7.6037372724544365,
        7.594191743071968,
        7.579718369704026,
        7.564246425967244,
        7.546126393876838,
        7.535362689452763,
        7.519357472481812,
        7.502377876868615,
        7.506552154495871,
        7.495609413237261,
        7.489273370370357,
        7.4881546596098225,
        7.475073741032527,
        7.478823565872463,
        7.4772822814580255,
        7.478304236598269,
        7.471637742759208,
        7.479050816868889,
        7.473674283225155,
        7.4736852984456625,
        7.470334572199533,
        7.480965935972315,
        7.480755151376217,
        7.4808158818081285,
        7.477866043000532,
        7.4984036338399855,
        7.476371923141931,
        7.479458176878077,
        7.483435794446596,
        7.49668716678958,
        7.490392114989151,
        7.495808686025044,
        7.49926615607809,
        7.50727228582258,
        7.502318241187101,
        7.524808928811338,
        7.513029301660301,
        7.511121936098358,
        7.509127938535792,
        7.523031415318596,
        7.521145126523351
      ]
    },
    "fit_cs_mean_iterations": 100.0,
    "fit_cs_convergence_rate": 0.0,
    "fit_reconstruction": {
      "mse": 0.1669122388850493,
      "rmse": 0.4085489430717565,
      "rel_frob_err": 0.5278324159310267,
      "r2": 0.7213929406924163
    }
  },
  "fit_time": 25.664859771728516,
  "dev_result": {
    "one_step_r2_common": 0.6168939607425146,
    "one_step_rmse_common": 0.5176339745944711,
    "rollout_r2_common": 0.46760306514278605,
    "rollout_rmse_common": 0.61021242637259,
    "rollout_mae_common": 0.4160192296767406,
    "rollout_rel_frob_common": 0.45191074458605457,
    "stability_gap_r2_common": 0.14929089559972852,
    "first_step_rmse": 0.19602633414401677,
    "last_step_rmse": 1.0503197517472425,
    "worst_trajectory_indices": [
      8,
      2,
      19,
      21,
      29
    ],
    "worst_trajectory_rmse": [
      0.8305223781713031,
      0.7412896074663587,
      0.7117560355071956,
      0.6798191405277099,
      0.6743545758550304
    ],
    "n_eval_steps_per_trajectory": 13,
    "time": 6.113907814025879
  },
  "final_test_result": {
    "one_step_r2_common": 0.6824052033268517,
    "one_step_rmse_common": 0.467322057236745,
    "rollout_r2_common": 0.6426945776751343,
    "rollout_rmse_common": 0.4956777150203195,
    "rollout_mae_common": 0.3427392078108229,
    "rollout_rel_frob_common": 0.3642695158600702,
    "stability_gap_r2_common": 0.03971062565171746,
    "first_step_rmse": 0.18052200341836477,
    "last_step_rmse": 0.8349029711862712,
    "worst_trajectory_indices": [
      31,
      2,
      1,
      34,
      39
    ],
    "worst_trajectory_rmse": [
      0.6094267304611409,
      0.604807529563574,
      0.6022415896669632,
      0.5917684043102677,
      0.5865195085943029
    ],
    "n_eval_steps_per_trajectory": 13,
    "time": 7.62135910987854
  }
}