{
  "protocol": "Experimental CS-based forecasting: QR sensor placement, sparse sensor measurements, coefficient recovery, LSTM coefficient rollout, dictionary reconstruction.",
  "coefficient_source": "sensor_lstsq",
  "train_shape": [
    80,
    20,
    64,
    64
  ],
  "tuning_train_shape": [
    64,
    20,
    64,
    64
  ],
  "tuning_dev_shape": [
    16,
    20,
    64,
    64
  ],
  "official_test_shape": [
    40,
    20,
    64,
    64
  ],
  "common_warmup_steps": 7,
  "config": {
    "rank": 30,
    "n_sensors": 15,
    "coefficient_source": "sensor_lstsq",
    "n_train_trajectories": 80,
    "n_test_trajectories": 40,
    "lstm_hidden_size": 128,
    "lstm_num_layers": 2,
    "lstm_seq_length": 7,
    "lstm_num_epochs": 50,
    "lstm_batch_size": 32,
    "cs_max_iter": 50,
    "cs_tol": 0.0001,
    "cs_epsilon_l1": 0.01,
    "common_warmup_steps": 7,
    "skip_official_test": false,
    "verbose": false,
    "output": "scripts/plots/models_eval/cs_forecasting_lstsq_ablation_summary.json"
  },
  "sensor_summary": {
    "rank": 30,
    "requested_sensors": 15,
    "actual_sensors": 15,
    "sensor_indices": [
      280,
      485,
      690,
      777,
      1376,
      1478,
      1508,
      2195,
      2265,
      2359,
      3085,
      3172,
      3558,
      3897,
      3991
    ],
    "coefficient_source": "sensor_lstsq",
    "feature_mode": "coeff_plus_delta",
    "fit_cs_mean_iterations": null,
    "fit_cs_convergence_rate": null
  },
  "fit_time": 5.690500974655151,
  "dev_result": {
    "one_step_r2_common": 0.27266351515296794,
    "one_step_rmse_common": 0.7260697704252606,
    "rollout_r2_common": 0.16959751567273473,
    "rollout_rmse_common": 0.775809313098893,
    "rollout_mae_common": 0.5744469375383364,
    "rollout_rel_frob_common": 0.5706046497194038,
    "stability_gap_r2_common": 0.1030659994802332,
    "first_step_rmse": 0.3023728978289557,
    "last_step_rmse": 1.2259765698652434,
    "worst_trajectory_indices": [
      7,
      12,
      2,
      11,
      1
    ],
    "worst_trajectory_rmse": [
      0.8919064981166551,
      0.8677872132639907,
      0.8401148097698004,
      0.8371979079944238,
      0.8346239448348359
    ],
    "n_eval_steps_per_trajectory": 13,
    "time": 0.1305830478668213
  },
  "final_test_result": {
    "one_step_r2_common": 0.35585917124018496,
    "one_step_rmse_common": 0.6655336281783858,
    "rollout_r2_common": 0.3172504470937697,
    "rollout_rmse_common": 0.6851888747461401,
    "rollout_mae_common": 0.49686148205029224,
    "rollout_rel_frob_common": 0.5035397237219976,
    "stability_gap_r2_common": 0.03860872414641525,
    "first_step_rmse": 0.2529821113447986,
    "last_step_rmse": 1.1253546768930451,
    "worst_trajectory_indices": [
      30,
      36,
      38,
      37,
      31
    ],
    "worst_trajectory_rmse": [
      0.7888914763950041,
      0.7822128865189257,
      0.7746976274621659,
      0.767658034308757,
      0.7613543358935222
    ],
    "n_eval_steps_per_trajectory": 13,
    "time": 0.3430609703063965
  }
}