{
  "protocol": "Experimental CS-based forecasting: QR sensor placement, sparse sensor measurements, coefficient recovery, LSTM coefficient rollout, dictionary reconstruction.",
  "coefficient_source": "sensor_cs",
  "train_shape": [
    640,
    20,
    64,
    64
  ],
  "tuning_train_shape": [
    512,
    20,
    64,
    64
  ],
  "tuning_dev_shape": [
    128,
    20,
    64,
    64
  ],
  "official_test_shape": [
    200,
    20,
    64,
    64
  ],
  "common_warmup_steps": 7,
  "config": {
    "rank": 30,
    "n_sensors": 30,
    "coefficient_source": "sensor_cs",
    "n_train_trajectories": 640,
    "n_test_trajectories": 200,
    "lstm_hidden_size": 128,
    "lstm_num_layers": 2,
    "lstm_seq_length": 7,
    "lstm_num_epochs": 50,
    "lstm_batch_size": 32,
    "cs_max_iter": 100,
    "cs_tol": 0.0001,
    "cs_epsilon_l1": 0.001,
    "cs_initialization": "zero",
    "correction_hidden_size": 128,
    "correction_num_layers": 2,
    "correction_num_epochs": 80,
    "correction_batch_size": 32,
    "correction_spatial_loss_weight": 0.0,
    "correction_rel_frob_loss_weight": 0.0,
    "common_warmup_steps": 7,
    "skip_official_test": false,
    "verbose": false,
    "output": "scripts/plots/models_eval/cs_forecasting_r30_s30_eps001_corr_h128_l2_e80_train640_test200_summary.json"
  },
  "sensor_summary": {
    "rank": 30,
    "requested_sensors": 30,
    "actual_sensors": 30,
    "sensor_indices": [
      166,
      280,
      509,
      650,
      689,
      861,
      912,
      1061,
      1224,
      1533,
      1635,
      1741,
      1837,
      2069,
      2339,
      2352,
      2422,
      2498,
      2769,
      2969,
      3108,
      3203,
      3254,
      3367,
      3474,
      3588,
      3694,
      3864,
      4021,
      4042
    ],
    "coefficient_source": "sensor_cs",
    "feature_mode": "coeff_plus_delta",
    "cs_initialization": "zero",
    "correction_enabled": true,
    "correction_num_epochs": 80,
    "correction_training_history": {
      "train_loss": [
        0.9849253101599373,
        0.9385706971107683,
        0.9012725724735582,
        0.8643479423719768,
        0.8307177290012868,
        0.7997905880604184,
        0.7723808295060277,
        0.7484346066585849,
        0.7259967763920439,
        0.7076489093827039,
        0.6917216872632168,
        0.6759919377920999,
        0.6629062081143735,
        0.6533215437552718,
        0.6413704959804971,
        0.6330288203527511,
        0.6236549457957999,
        0.6148731031739914,
        0.6072513704228356,
        0.600459774104113,
        0.5954879811288716,
        0.5882062854283746,
        0.5834273983345246,
        0.5766303879906044,
        0.5729218886225129,
        0.5664929416792478,
        0.5621153354532947,
        0.5588214643900659,
        0.5531891888346502,
        0.5516751826144964,
        0.548269769733887,
        0.5441693813223776,
        0.5415235588854741,
        0.5358225188827872,
        0.5339272221973197,
        0.5308261217587884
      ],
      "val_loss": [
        5.136170010401293,
        5.090047301929641,
        5.067233867415116,
        5.024991838101348,
        5.002259212022094,
        4.9793416759726865,
        4.975910176698618,
        4.95529718025058,
        4.944449583689372,
        4.937904782964094,
        4.9187435988746975,
        4.911079371496923,
        4.913576310216751,
        4.902787084133557,
        4.90576264869034,
        4.899663401584999,
        4.918717509481162,
        4.9040171449180825,
        4.908588958901338,
        4.913460054728421,
        4.906156332784109,
        4.909235926954635,
        4.909428351245495,
        4.903101941938673,
        4.9000256338450345,
        4.91775295133864,
        4.903646091530226,
        4.9031152149850605,
        4.905993762239252,
        4.909555535151049,
        4.919372556436116,
        4.910198227492573,
        4.91850824917064,
        4.923399175094444,
        4.926566236159381,
        4.927199252949941
      ]
    },
    "fit_cs_mean_iterations": 100.0,
    "fit_cs_convergence_rate": 0.0,
    "fit_reconstruction": {
      "mse": 0.16542940354550323,
      "rmse": 0.40673013601834723,
      "rel_frob_err": 0.5254605391022306,
      "r2": 0.7238912218463933
    }
  },
  "fit_time": 90.00822186470032,
  "dev_result": {
    "one_step_r2_common": 0.6518554872541786,
    "one_step_rmse_common": 0.4953747791912178,
    "rollout_r2_common": 0.5559555088882718,
    "rollout_rmse_common": 0.559457831673586,
    "rollout_mae_common": 0.38542950685199895,
    "rollout_rel_frob_common": 0.41069598929275825,
    "stability_gap_r2_common": 0.0958999783659068,
    "first_step_rmse": 0.18225372155327596,
    "last_step_rmse": 0.9508002436257058,
    "worst_trajectory_indices": [
      31,
      63,
      3,
      45,
      4
    ],
    "worst_trajectory_rmse": [
      0.8001456512462506,
      0.7988458752757894,
      0.7808504132925294,
      0.7688556278853765,
      0.7156883871859953
    ],
    "n_eval_steps_per_trajectory": 13,
    "baseline_one_step_r2_common": 0.6405067891671654,
    "one_step_correction_gain_r2_common": 0.01134869808701322,
    "baseline_rollout_r2_common": 0.5502519863861526,
    "rollout_correction_gain_r2_common": 0.0057035225021192515,
    "time": 24.52673578262329
  },
  "final_test_result": {
    "one_step_r2_common": 0.6789435698200839,
    "one_step_rmse_common": 0.47456896242879654,
    "rollout_r2_common": 0.6091703726351396,
    "rollout_rmse_common": 0.5236033111924676,
    "rollout_mae_common": 0.3626312242874281,
    "rollout_rel_frob_common": 0.3873417740467768,
    "stability_gap_r2_common": 0.06977319718494424,
    "first_step_rmse": 0.17777684757449302,
    "last_step_rmse": 0.9003398460420353,
    "worst_trajectory_indices": [
      63,
      169,
      111,
      109,
      197
    ],
    "worst_trajectory_rmse": [
      0.6999440071310064,
      0.6668751111258675,
      0.6560168456443272,
      0.64660031054994,
      0.6456279983668112
    ],
    "n_eval_steps_per_trajectory": 13,
    "baseline_one_step_r2_common": 0.6710167673860612,
    "one_step_correction_gain_r2_common": 0.007926802434022662,
    "baseline_rollout_r2_common": 0.5810654674259308,
    "rollout_correction_gain_r2_common": 0.02810490520920883,
    "time": 37.70844006538391
  }
}