{
  "protocol": "Experimental CS-based forecasting: QR sensor placement, sparse sensor measurements, coefficient recovery, LSTM coefficient rollout, dictionary reconstruction.",
  "coefficient_source": "sensor_cs",
  "train_shape": [
    320,
    20,
    64,
    64
  ],
  "tuning_train_shape": [
    256,
    20,
    64,
    64
  ],
  "tuning_dev_shape": [
    64,
    20,
    64,
    64
  ],
  "official_test_shape": [
    40,
    20,
    64,
    64
  ],
  "common_warmup_steps": 7,
  "config": {
    "rank": 30,
    "n_sensors": 30,
    "coefficient_source": "sensor_cs",
    "n_train_trajectories": 320,
    "n_test_trajectories": 40,
    "lstm_hidden_size": 128,
    "lstm_num_layers": 2,
    "lstm_seq_length": 7,
    "lstm_num_epochs": 50,
    "lstm_batch_size": 32,
    "cs_max_iter": 100,
    "cs_tol": 0.0001,
    "cs_epsilon_l1": 0.001,
    "cs_initialization": "zero",
    "common_warmup_steps": 7,
    "skip_official_test": false,
    "verbose": false,
    "output": "scripts/plots/models_eval/cs_forecasting_r30_s30_cs100_eps001_train320_probe.json"
  },
  "sensor_summary": {
    "rank": 30,
    "requested_sensors": 30,
    "actual_sensors": 30,
    "sensor_indices": [
      105,
      280,
      437,
      669,
      714,
      909,
      997,
      1110,
      1194,
      1340,
      1563,
      1603,
      1613,
      1835,
      2037,
      2201,
      2343,
      2446,
      2485,
      2498,
      2909,
      2920,
      3022,
      3265,
      3414,
      3443,
      3494,
      3865,
      3980,
      4084
    ],
    "coefficient_source": "sensor_cs",
    "feature_mode": "coeff_plus_delta",
    "cs_initialization": "zero",
    "fit_cs_mean_iterations": 100.0,
    "fit_cs_convergence_rate": 0.0,
    "fit_reconstruction": {
      "mse": 0.17637558320772898,
      "rmse": 0.4199709313842197,
      "rel_frob_err": 0.543017473987707,
      "r2": 0.7051320229440106
    }
  },
  "fit_time": 48.65846395492554,
  "dev_result": {
    "one_step_r2_common": 0.6094056597443402,
    "one_step_rmse_common": 0.5225588867331596,
    "rollout_r2_common": 0.5027142420434482,
    "rollout_rmse_common": 0.589624166754744,
    "rollout_mae_common": 0.41337791602794727,
    "rollout_rel_frob_common": 0.43608003792794436,
    "stability_gap_r2_common": 0.10669141770089208,
    "first_step_rmse": 0.21530512706285032,
    "last_step_rmse": 1.0036564892366262,
    "worst_trajectory_indices": [
      28,
      25,
      26,
      50,
      27
    ],
    "worst_trajectory_rmse": [
      0.7495931878241436,
      0.7383867605319013,
      0.7202396918722495,
      0.7130233035868636,
      0.6781588605522421
    ],
    "n_eval_steps_per_trajectory": 13,
    "time": 11.996827840805054
  },
  "final_test_result": {
    "one_step_r2_common": 0.652417670097805,
    "one_step_rmse_common": 0.4888869398146584,
    "rollout_r2_common": 0.5798401852026376,
    "rollout_rmse_common": 0.5375103696664996,
    "rollout_mae_common": 0.37569064893921145,
    "rollout_rel_frob_common": 0.3950119930652051,
    "stability_gap_r2_common": 0.07257748489516747,
    "first_step_rmse": 0.1923539302161059,
    "last_step_rmse": 0.9088037380523954,
    "worst_trajectory_indices": [
      31,
      33,
      30,
      34,
      36
    ],
    "worst_trajectory_rmse": [
      0.7031235380378457,
      0.6731318312473122,
      0.6549349629457083,
      0.6436450423429037,
      0.6213092620994457
    ],
    "n_eval_steps_per_trajectory": 13,
    "time": 7.4344470500946045
  }
}