{
  "protocol": "Experimental CS-based forecasting: QR sensor placement, sparse sensor measurements, coefficient recovery, LSTM coefficient rollout, dictionary reconstruction.",
  "coefficient_source": "sensor_cs",
  "train_shape": [
    80,
    20,
    64,
    64
  ],
  "tuning_train_shape": [
    64,
    20,
    64,
    64
  ],
  "tuning_dev_shape": [
    16,
    20,
    64,
    64
  ],
  "official_test_shape": [
    40,
    20,
    64,
    64
  ],
  "common_warmup_steps": 7,
  "config": {
    "rank": 30,
    "n_sensors": 30,
    "coefficient_source": "sensor_cs",
    "n_train_trajectories": 80,
    "n_test_trajectories": 40,
    "lstm_hidden_size": 128,
    "lstm_num_layers": 2,
    "lstm_seq_length": 7,
    "lstm_num_epochs": 50,
    "lstm_batch_size": 32,
    "cs_max_iter": 100,
    "cs_tol": 0.0001,
    "cs_epsilon_l1": 0.03,
    "common_warmup_steps": 7,
    "skip_official_test": false,
    "verbose": false,
    "output": "scripts/plots/models_eval/cs_forecasting_r30_s30_cs100_eps03_probe.json"
  },
  "sensor_summary": {
    "rank": 30,
    "requested_sensors": 30,
    "actual_sensors": 30,
    "sensor_indices": [
      280,
      431,
      485,
      690,
      733,
      777,
      846,
      892,
      1299,
      1376,
      1478,
      1508,
      1519,
      1659,
      2195,
      2246,
      2265,
      2359,
      2414,
      2527,
      3003,
      3085,
      3172,
      3204,
      3558,
      3777,
      3897,
      3917,
      3949,
      3991
    ],
    "coefficient_source": "sensor_cs",
    "feature_mode": "coeff_plus_delta",
    "fit_cs_mean_iterations": 100.0,
    "fit_cs_convergence_rate": 0.0,
    "fit_reconstruction": {
      "mse": 0.20262458557209193,
      "rmse": 0.4501384071283986,
      "rel_frob_err": 0.5851295603343614,
      "r2": 0.6576233976229175
    }
  },
  "fit_time": 11.496853113174438,
  "dev_result": {
    "one_step_r2_common": 0.4813389746617569,
    "one_step_rmse_common": 0.6131298723801368,
    "rollout_r2_common": 0.29193848700671743,
    "rollout_rmse_common": 0.7163844711460484,
    "rollout_mae_common": 0.5245901093702389,
    "rollout_rel_frob_common": 0.5268979159194555,
    "stability_gap_r2_common": 0.18940048765503947,
    "first_step_rmse": 0.31108683768126455,
    "last_step_rmse": 1.1761398716750997,
    "worst_trajectory_indices": [
      2,
      8,
      7,
      9,
      5
    ],
    "worst_trajectory_rmse": [
      0.9493899296147781,
      0.8495614178686145,
      0.8131685124776379,
      0.7762026993545178,
      0.7364223551606313
    ],
    "n_eval_steps_per_trajectory": 13,
    "time": 2.891468048095703
  },
  "final_test_result": {
    "one_step_r2_common": 0.5927221224775847,
    "one_step_rmse_common": 0.5292062943064824,
    "rollout_r2_common": 0.4161135098690818,
    "rollout_rmse_common": 0.6336417780579927,
    "rollout_mae_common": 0.46385193774958244,
    "rollout_rel_frob_common": 0.46565818217677424,
    "stability_gap_r2_common": 0.1766086126085029,
    "first_step_rmse": 0.2796320594977175,
    "last_step_rmse": 1.0429982321834377,
    "worst_trajectory_indices": [
      24,
      25,
      3,
      34,
      10
    ],
    "worst_trajectory_rmse": [
      0.852856865482766,
      0.8438357691680864,
      0.7933058540743954,
      0.7429525875374721,
      0.741036560003758
    ],
    "n_eval_steps_per_trajectory": 13,
    "time": 7.473477840423584
  }
}