{
  "protocol": "Experimental CS-based forecasting: QR sensor placement, sparse sensor measurements, coefficient recovery, LSTM coefficient rollout, dictionary reconstruction.",
  "coefficient_source": "sensor_cs",
  "train_shape": [
    160,
    20,
    64,
    64
  ],
  "tuning_train_shape": [
    128,
    20,
    64,
    64
  ],
  "tuning_dev_shape": [
    32,
    20,
    64,
    64
  ],
  "official_test_shape": [
    40,
    20,
    64,
    64
  ],
  "common_warmup_steps": 7,
  "config": {
    "rank": 30,
    "n_sensors": 30,
    "coefficient_source": "sensor_cs",
    "n_train_trajectories": 160,
    "n_test_trajectories": 40,
    "lstm_hidden_size": 128,
    "lstm_num_layers": 2,
    "lstm_seq_length": 7,
    "lstm_num_epochs": 50,
    "lstm_batch_size": 32,
    "cs_max_iter": 100,
    "cs_tol": 0.0001,
    "cs_epsilon_l1": 0.001,
    "cs_initialization": "zero",
    "correction_hidden_size": 128,
    "correction_num_layers": 2,
    "correction_num_epochs": 80,
    "correction_batch_size": 32,
    "correction_spatial_loss_weight": 0.1,
    "correction_rel_frob_loss_weight": 0.0,
    "common_warmup_steps": 7,
    "skip_official_test": false,
    "verbose": false,
    "output": "scripts/plots/models_eval/cs_forecasting_r30_s30_eps001_corr_h128_l2_e80_spatial01_train160_probe.json"
  },
  "sensor_summary": {
    "rank": 30,
    "requested_sensors": 30,
    "actual_sensors": 30,
    "sensor_indices": [
      52,
      104,
      197,
      216,
      650,
      671,
      878,
      888,
      1038,
      1124,
      1367,
      1534,
      1603,
      1698,
      1772,
      1996,
      2069,
      2287,
      2372,
      2467,
      2548,
      2875,
      2982,
      3021,
      3034,
      3328,
      3494,
      3696,
      3738,
      3903
    ],
    "coefficient_source": "sensor_cs",
    "feature_mode": "coeff_plus_delta",
    "cs_initialization": "zero",
    "correction_enabled": true,
    "correction_num_epochs": 80,
    "correction_training_history": {
      "train_total_loss": [
        1.0296992792622897,
        0.9905154262732596,
        0.9567738341709787,
        0.9151585305258519,
        0.8737502241925776,
        0.8299373170728956,
        0.7891894025140938,
        0.7502307877461475,
        0.7117112299615621,
        0.6787523190360264,
        0.6524102513426929,
        0.6222129352671708,
        0.5999209980619439,
        0.5796380868324866,
        0.5566422022306002,
        0.538041830242669,
        0.5225522993736498,
        0.5075866837127536,
        0.49377223476205656,
        0.4788780799458649,
        0.4648432800852515,
        0.45413131901761167,
        0.4425093436313071,
        0.4314274305581687,
        0.42206232382341385,
        0.4148176487754373,
        0.4071709452081769,
        0.3973935198819835,
        0.3893519963614002,
        0.3816922837432873,
        0.3757171048298141,
        0.3673112413552372,
        0.36049994610553415,
        0.35519756635209915,
        0.34907539312476304,
        0.3441567580984009,
        0.33718202745213227,
        0.33254398335878305,
        0.32865629485649583,
        0.325035449156754,
        0.32044811823249403,
        0.31597877573643335,
        0.31234719472772937,
        0.3065432772197695,
        0.3028131507640511,
        0.2999281720967674,
        0.2970112754119108,
        0.29121106260682306,
        0.28731858865168297,
        0.2856376178753682,
        0.28116300077280126,
        0.28051634944222453,
        0.2788574924386285,
        0.27498404980604824,
        0.27125433136794724,
        0.26803383410965875,
        0.2649831071068978,
        0.2619972672217932,
        0.2647739225383258,
        0.25838704234154874,
        0.25389719193697335,
        0.2539507232010814,
        0.2520770970647691
      ],
      "train_latent_loss": [
        1.0064158072838416,
        0.9673086987361649,
        0.9336585883461332,
        0.8921305177618116,
        0.8508771615690056,
        0.8070872439518234,
        0.7663864923997882,
        0.7274732322714448,
        0.688992268089795,
        0.6561140231057709,
        0.6297224132543595,
        0.5995541685127385,
        0.5772943029216692,
        0.5569923810469799,
        0.5340066337297764,
        0.5154425545875123,
        0.4999285825776838,
        0.4849723967671574,
        0.4711939161629339,
        0.45627301580765667,
        0.4422806182238491,
        0.43153642255076813,
        0.4198929950212821,
        0.4088282635938348,
        0.39946609353407836,
        0.39220661423864406,
        0.3845806302528036,
        0.37476761555959376,
        0.36674156079285103,
        0.35912798172028715,
        0.35311921711780725,
        0.344690362522505,
        0.33791126951373,
        0.33259399206030604,
        0.32645589297533395,
        0.3215622270358993,
        0.3145730782238427,
        0.3099260393131193,
        0.30606488944178795,
        0.302428746430223,
        0.2978467136216919,
        0.29335634417123924,
        0.28972597260640576,
        0.2839422433174933,
        0.280213451448429,
        0.27732365442437107,
        0.2744092816770706,
        0.268586147245059,
        0.2647181526837845,
        0.2630248372056725,
        0.2585552426934422,
        0.257919694818163,
        0.2562527933901072,
        0.2523330248229284,
        0.2486447197459582,
        0.2454100452577007,
        0.2423571978848804,
        0.23939199345593717,
        0.24212540551278386,
        0.2357649374331824,
        0.2312696770530301,
        0.23133920423045956,
        0.22943761785195785
      ],
      "train_spatial_loss": [
        0.23283469912962676,
        0.23206732322098084,
        0.23115242631097366,
        0.2302800941071719,
        0.2287306339672428,
        0.2285007369644142,
        0.22802911487549857,
        0.2275755750872251,
        0.22718959545567743,
        0.2263829574595749,
        0.22687836429652045,
        0.226587640528945,
        0.22626697194522322,
        0.22645697035850623,
        0.22635565100302343,
        0.22599280330030808,
        0.22623716359944004,
        0.2261428776819422,
        0.22578320678093136,
        0.22605058247417345,
        0.2256266246149443,
        0.22594898132267402,
        0.22616348771847572,
        0.2259916559333715,
        0.22596229509440663,
        0.22611035305450405,
        0.22590312226865086,
        0.22625903814446693,
        0.22610435862976322,
        0.22564300348586086,
        0.22597888473921413,
        0.22620880080114483,
        0.2258867707727182,
        0.22603574530031886,
        0.22619499542594496,
        0.225945313344534,
        0.22608948936109988,
        0.22617941263214675,
        0.22591406156394636,
        0.22606703558119173,
        0.22601403812926998,
        0.2262243085946792,
        0.22621224643058546,
        0.22601032288545578,
        0.2259969945047416,
        0.22604517685881567,
        0.22601994018029664,
        0.22624915865212006,
        0.22600438440187665,
        0.2261278175975043,
        0.22607757034255008,
        0.2259665388686984,
        0.22604700738668082,
        0.2265102350873645,
        0.22609612179377858,
        0.2262378833502486,
        0.22625909197294514,
        0.226052703675821,
        0.22648517902080828,
        0.22622107144664316,
        0.22627514362515008,
        0.22611520168558324,
        0.22639480368044582
      ],