{
  "protocol": "Experimental CS-based forecasting: QR sensor placement, sparse sensor measurements, coefficient recovery, LSTM coefficient rollout, dictionary reconstruction.",
  "coefficient_source": "sensor_cs",
  "train_shape": [
    80,
    20,
    64,
    64
  ],
  "tuning_train_shape": [
    64,
    20,
    64,
    64
  ],
  "tuning_dev_shape": [
    16,
    20,
    64,
    64
  ],
  "official_test_shape": [
    40,
    20,
    64,
    64
  ],
  "common_warmup_steps": 7,
  "config": {
    "rank": 30,
    "n_sensors": 30,
    "coefficient_source": "sensor_cs",
    "n_train_trajectories": 80,
    "n_test_trajectories": 40,
    "lstm_hidden_size": 128,
    "lstm_num_layers": 2,
    "lstm_seq_length": 7,
    "lstm_num_epochs": 50,
    "lstm_batch_size": 32,
    "cs_max_iter": 100,
    "cs_tol": 0.0001,
    "cs_epsilon_l1": 0.003,
    "common_warmup_steps": 7,
    "skip_official_test": false,
    "verbose": false,
    "output": "scripts/plots/models_eval/cs_forecasting_r30_s30_cs100_eps003_probe.json"
  },
  "sensor_summary": {
    "rank": 30,
    "requested_sensors": 30,
    "actual_sensors": 30,
    "sensor_indices": [
      280,
      431,
      485,
      690,
      733,
      777,
      846,
      892,
      1299,
      1376,
      1478,
      1508,
      1519,
      1659,
      2195,
      2246,
      2265,
      2359,
      2414,
      2527,
      3003,
      3085,
      3172,
      3204,
      3558,
      3777,
      3897,
      3917,
      3949,
      3991
    ],
    "coefficient_source": "sensor_cs",
    "feature_mode": "coeff_plus_delta",
    "fit_cs_mean_iterations": 100.0,
    "fit_cs_convergence_rate": 0.0,
    "fit_reconstruction": {
      "mse": 0.17478097750284635,
      "rmse": 0.41806814935228725,
      "rel_frob_err": 0.543441813776461,
      "r2": 0.7046709950393508
    }
  },
  "fit_time": 12.256473064422607,
  "dev_result": {
    "one_step_r2_common": 0.5252136144535826,
    "one_step_rmse_common": 0.586623960141053,
    "rollout_r2_common": 0.3125217281834357,
    "rollout_rmse_common": 0.7058950835524362,
    "rollout_mae_common": 0.4955053967070517,
    "rollout_rel_frob_common": 0.5191830132590111,
    "stability_gap_r2_common": 0.2126918862701469,
    "first_step_rmse": 0.27116880079144784,
    "last_step_rmse": 1.1697590626212702,
    "worst_trajectory_indices": [
      2,
      7,
      5,
      1,
      10
    ],
    "worst_trajectory_rmse": [
      0.9840820878487435,
      0.897542102597804,
      0.801860324601281,
      0.7309321399913747,
      0.7162811085395228
    ],
    "n_eval_steps_per_trajectory": 13,
    "time": 3.046924114227295
  },
  "final_test_result": {
    "one_step_r2_common": 0.6636647485976581,
    "one_step_rmse_common": 0.4809121890690822,
    "rollout_r2_common": 0.6273033067672018,
    "rollout_rmse_common": 0.5062410524277747,
    "rollout_mae_common": 0.3612946361848947,
    "rollout_rel_frob_common": 0.3720324264906653,
    "stability_gap_r2_common": 0.03636144183045631,
    "first_step_rmse": 0.21283783951486182,
    "last_step_rmse": 0.8457198793010706,
    "worst_trajectory_indices": [
      34,
      25,
      36,
      30,
      31
    ],
    "worst_trajectory_rmse": [
      0.6442255832218173,
      0.6180881200287635,
      0.5904526826758967,
      0.5855773732646414,
      0.5776351070279049
    ],
    "n_eval_steps_per_trajectory": 13,
    "time": 7.396353721618652
  }
}