{
  "protocol": "Experimental CS-based forecasting: QR sensor placement, sparse sensor measurements, coefficient recovery, LSTM coefficient rollout, dictionary reconstruction.",
  "coefficient_source": "sensor_cs",
  "train_shape": [
    80,
    20,
    64,
    64
  ],
  "tuning_train_shape": [
    64,
    20,
    64,
    64
  ],
  "tuning_dev_shape": [
    16,
    20,
    64,
    64
  ],
  "official_test_shape": [
    40,
    20,
    64,
    64
  ],
  "common_warmup_steps": 7,
  "config": {
    "rank": 30,
    "n_sensors": 28,
    "coefficient_source": "sensor_cs",
    "n_train_trajectories": 80,
    "n_test_trajectories": 40,
    "lstm_hidden_size": 128,
    "lstm_num_layers": 2,
    "lstm_seq_length": 7,
    "lstm_num_epochs": 50,
    "lstm_batch_size": 32,
    "cs_max_iter": 100,
    "cs_tol": 0.0001,
    "cs_epsilon_l1": 0.01,
    "common_warmup_steps": 7,
    "skip_official_test": false,
    "verbose": false,
    "output": "scripts/plots/models_eval/cs_forecasting_r30_s28_cs100_probe.json"
  },
  "sensor_summary": {
    "rank": 30,
    "requested_sensors": 28,
    "actual_sensors": 28,
    "sensor_indices": [
      280,
      431,
      485,
      690,
      733,
      777,
      892,
      1299,
      1376,
      1478,
      1508,
      1519,
      1659,
      2195,
      2246,
      2265,
      2359,
      2414,
      2527,
      3003,
      3085,
      3172,
      3558,
      3777,
      3897,
      3917,
      3949,
      3991
    ],
    "coefficient_source": "sensor_cs",
    "feature_mode": "coeff_plus_delta",
    "fit_cs_mean_iterations": 100.0,
    "fit_cs_convergence_rate": 0.0,
    "fit_reconstruction": {
      "mse": 0.19027814504350762,
      "rmse": 0.436208831918277,
      "rel_frob_err": 0.5670226712325435,
      "r2": 0.6784852903083116
    }
  },
  "fit_time": 11.45701813697815,
  "dev_result": {
    "one_step_r2_common": 0.5071646653677834,
    "one_step_rmse_common": 0.597670179851822,
    "rollout_r2_common": 0.35609723415521743,
    "rollout_rmse_common": 0.6831574583922992,
    "rollout_mae_common": 0.4938016409062501,
    "rollout_rel_frob_common": 0.5024595808112527,
    "stability_gap_r2_common": 0.15106743121256594,
    "first_step_rmse": 0.2843284965475095,
    "last_step_rmse": 1.1539270916283453,
    "worst_trajectory_indices": [
      2,
      6,
      7,
      10,
      8
    ],
    "worst_trajectory_rmse": [
      0.8712043399468622,
      0.7982665703924262,
      0.7892242883141115,
      0.7500425030452461,
      0.7149253662625507
    ],
    "n_eval_steps_per_trajectory": 13,
    "time": 2.8951539993286133
  },
  "final_test_result": {
    "one_step_r2_common": 0.6244510699771684,
    "one_step_rmse_common": 0.5081744842680801,
    "rollout_r2_common": 0.5592099162474702,
    "rollout_rmse_common": 0.5505483919987654,
    "rollout_mae_common": 0.40013157098731433,
    "rollout_rel_frob_common": 0.40459352949266525,
    "stability_gap_r2_common": 0.06524115372969819,
    "first_step_rmse": 0.24011016726604859,
    "last_step_rmse": 0.9138257832859711,
    "worst_trajectory_indices": [
      18,
      10,
      24,
      36,
      35
    ],
    "worst_trajectory_rmse": [
      0.6572671935430622,
      0.6499370446894535,
      0.6434394986181634,
      0.643436110601788,
      0.6239298464282031
    ],
    "n_eval_steps_per_trajectory": 13,
    "time": 7.211011171340942
  }
}