{
  "protocol": "Experimental CS-based forecasting: QR sensor placement, sparse sensor measurements, coefficient recovery, LSTM coefficient rollout, dictionary reconstruction.",
  "coefficient_source": "sensor_cs",
  "train_shape": [
    80,
    20,
    64,
    64
  ],
  "tuning_train_shape": [
    64,
    20,
    64,
    64
  ],
  "tuning_dev_shape": [
    16,
    20,
    64,
    64
  ],
  "official_test_shape": [
    40,
    20,
    64,
    64
  ],
  "common_warmup_steps": 7,
  "config": {
    "rank": 45,
    "n_sensors": 45,
    "coefficient_source": "sensor_cs",
    "n_train_trajectories": 80,
    "n_test_trajectories": 40,
    "lstm_hidden_size": 128,
    "lstm_num_layers": 2,
    "lstm_seq_length": 7,
    "lstm_num_epochs": 50,
    "lstm_batch_size": 32,
    "cs_max_iter": 100,
    "cs_tol": 0.0001,
    "cs_epsilon_l1": 0.01,
    "common_warmup_steps": 7,
    "skip_official_test": false,
    "verbose": false,
    "output": "scripts/plots/models_eval/cs_forecasting_r45_s45_cs100_probe.json"
  },
  "sensor_summary": {
    "rank": 45,
    "requested_sensors": 45,
    "actual_sensors": 45,
    "sensor_indices": [
      126,
      213,
      388,
      416,
      498,
      600,
      809,
      842,
      882,
      898,
      931,
      1036,
      1380,
      1394,
      1448,
      1475,
      1551,
      1659,
      1756,
      1878,
      1898,
      2240,
      2265,
      2286,
      2361,
      2509,
      2526,
      2608,
      2628,
      2766,
      2897,
      2979,
      3117,
      3257,
      3268,
      3336,
      3364,
      3535,
      3547,
      3760,
      3965,
      3978,
      3998,
      4006,
      4085
    ],
    "coefficient_source": "sensor_cs",
    "feature_mode": "coeff_plus_delta",
    "fit_cs_mean_iterations": 100.0,
    "fit_cs_convergence_rate": 0.0,
    "fit_reconstruction": {
      "mse": 0.11951766800912142,
      "rmse": 0.3457132742738141,
      "rel_frob_err": 0.4493885724349858,
      "r2": 0.7980499109648462
    }
  },
  "fit_time": 13.463515043258667,
  "dev_result": {
    "one_step_r2_common": 0.5276240085633497,
    "one_step_rmse_common": 0.5851329799943836,
    "rollout_r2_common": 0.3410355565299146,
    "rollout_rmse_common": 0.691101219906109,
    "rollout_mae_common": 0.4806220690081958,
    "rollout_rel_frob_common": 0.5083021856620972,
    "stability_gap_r2_common": 0.1865884520334351,
    "first_step_rmse": 0.2656029590244213,
    "last_step_rmse": 1.140333779493572,
    "worst_trajectory_indices": [
      2,
      6,
      3,
      11,
      1
    ],
    "worst_trajectory_rmse": [
      0.9365306482779692,
      0.8621416021491624,
      0.7495391629666994,
      0.73566123604595,
      0.7256762654044675
    ],
    "n_eval_steps_per_trajectory": 13,
    "time": 3.1482808589935303
  },
  "final_test_result": {
    "one_step_r2_common": 0.7283375806977672,
    "one_step_rmse_common": 0.43220956381619435,
    "rollout_r2_common": 0.613965377085191,
    "rollout_rmse_common": 0.5152200073164712,
    "rollout_mae_common": 0.36182633715105816,
    "rollout_rel_frob_common": 0.37863098731178446,
    "stability_gap_r2_common": 0.11437220361257616,
    "first_step_rmse": 0.21645768602947657,
    "last_step_rmse": 0.8659847388774196,
    "worst_trajectory_indices": [
      25,
      35,
      31,
      18,
      15
    ],
    "worst_trajectory_rmse": [
      0.8132309807417111,
      0.6880015238293793,
      0.6607851008402242,
      0.6272913065058112,
      0.6070144653352014
    ],
    "n_eval_steps_per_trajectory": 13,
    "time": 7.675189018249512
  }
}