{
  "protocol": "Experimental CS-based forecasting: QR sensor placement, sparse sensor measurements, coefficient recovery, LSTM coefficient rollout, dictionary reconstruction.",
  "coefficient_source": "sensor_cs",
  "train_shape": [
    640,
    20,
    64,
    64
  ],
  "tuning_train_shape": [
    512,
    20,
    64,
    64
  ],
  "tuning_dev_shape": [
    128,
    20,
    64,
    64
  ],
  "official_test_shape": [
    200,
    20,
    64,
    64
  ],
  "common_warmup_steps": 7,
  "config": {
    "rank": 45,
    "n_sensors": 45,
    "coefficient_source": "sensor_cs",
    "n_train_trajectories": 640,
    "n_test_trajectories": 200,
    "lstm_hidden_size": 128,
    "lstm_num_layers": 2,
    "lstm_seq_length": 7,
    "lstm_num_epochs": 50,
    "lstm_batch_size": 32,
    "cs_max_iter": 100,
    "cs_tol": 0.0001,
    "cs_epsilon_l1": 0.0003,
    "cs_initialization": "zero",
    "correction_hidden_size": 128,
    "correction_num_layers": 2,
    "correction_num_epochs": 80,
    "correction_batch_size": 32,
    "correction_spatial_loss_weight": 0.25,
    "correction_rel_frob_loss_weight": 0.1,
    "common_warmup_steps": 7,
    "skip_official_test": false,
    "verbose": false,
    "output": "scripts/plots/models_eval/cs_forecasting_r45_s45_eps0003_corr_h128_l2_e80_spatial025_rel01_train640_test200_summary.json"
  },
  "sensor_summary": {
    "rank": 45,
    "requested_sensors": 45,
    "actual_sensors": 45,
    "sensor_indices": [
      160,
      189,
      394,
      429,
      498,
      591,
      659,
      696,
      792,
      896,
      1154,
      1182,
      1203,
      1224,
      1424,
      1442,
      1636,
      1715,
      1813,
      1978,
      2054,
      2110,
      2198,
      2205,
      2285,
      2444,
      2607,
      2655,
      2739,
      2770,
      2891,
      3000,
      3044,
      3137,
      3155,
      3301,
      3369,
      3526,
      3539,
      3632,
      3738,
      3774,
      3894,
      3932,
      3982
    ],
    "coefficient_source": "sensor_cs",
    "feature_mode": "coeff_plus_delta",
    "cs_initialization": "zero",
    "correction_enabled": true,
    "correction_num_epochs": 80,
    "correction_training_history": {
      "train_total_loss": [
        1.0673359745438953,
        1.0167985283187808,
        0.966038334481488,
        0.9205213540490528,
        0.8822923032248893,
        0.8480907014565888,
        0.8215378267009084,
        0.7966143889006709,
        0.7770693933315169,
        0.7575147657412302,
        0.7421598918218774,
        0.7291061187998216,
        0.716630636326144,
        0.7048104343002778,
        0.6944394561184281,
        0.6845199679791591,
        0.6759794794819816,
        0.6695135334195608,
        0.6621608128467152,
        0.6557975873938198,
        0.6502708657821169,
        0.6437858082787404,
        0.6377546065967481,
        0.6337526349815598,
        0.6290226122228111,
        0.6236385545632182,
        0.6193110016452439,
        0.6164495916572342,
        0.6122375732514916,
        0.6085821960477847,
        0.6059836978536609,
        0.6030648915673734,
        0.5982881828723213,
        0.5965979775165751,
        0.5952919904554986,
        0.59078517300103,
        0.5885953877813149,
        0.5862581186625568
      ],
      "train_latent_loss": [
        0.9919144426680416,
        0.9427351511218087,
        0.8930482264978578,
        0.8483256910800039,
        0.810563763623837,
        0.7768081190438476,
        0.7505112747985024,
        0.7258134384763621,
        0.70645965281839,
        0.686958370915497,
        0.6717496303187973,
        0.6587379629124396,
        0.646346806160281,
        0.6345429884112574,
        0.6242024475593281,
        0.6143060426327346,
        0.6058048438175981,
        0.5993093757647288,
        0.5919535985583436,
        0.585619353599441,
        0.5800640333436891,
        0.5736130167350983,
        0.5676114158156218,
        0.5635982830126335,
        0.5588588373746031,
        0.5534799658335172,
        0.5491633945066083,
        0.5462584997654856,
        0.5420709633693015,
        0.5383975165869908,
        0.5358377611659482,
        0.5328812105794337,
        0.52812291902628,
        0.5264325313004499,
        0.5250838632655188,
        0.5205778270456626,
        0.5183913392711983,
        0.5160531130785343
      ],
      "train_spatial_loss": [
        0.1918776403280852,
        0.18795143594549477,
        0.18496459336710244,
        0.1827414693740698,
        0.18149738127809528,
        0.180243021859237,
        0.17959358248768784,
        0.17897926602533565,
        0.1784325025654197,
        0.17833601012127037,
        0.17790925978048658,
        0.17781390568999814,
        0.1776270185022372,
        0.17758867108799503,
        0.17752381281378568,
        0.17744007812320178,
        0.17737180783533915,
        0.17746430085814693,
        0.17747544668628842,
        0.17739743080975637,
        0.17751179800471936,
        0.17743969613626795,
        0.17731898751312528,
        0.17736755482586866,
        0.17740108653148165,
        0.1774019944902656,
        0.17738296925238775,
        0.1774879246446921,
        0.17745731300193865,
        0.177507595452314,
        0.17737971001337885,
        0.17751203889471057,
        0.17745876287094425,
        0.17745225436244627,
        0.17760708991850518,
        0.17759229833256684,
        0.17756863525224673,
        0.17759273701939754
      ],
      "train_rel_frob_loss": [
        0.27452124547332135,
        0.27075517820596245,
        0.2674896368054467,
        0.26510294472298973,
        0.26354197085910175,
        0.26221828117379553,
        0.26128153826684936,
        0.26056134360816197,
        0.2600161148616118,
        0.259723943997503,
        0.25932947127165984,
        0.25914678723458723,
        0.258770768749781,
        0.25870279796127976,
        0.25856055120813465,
        0.25853908482456744,
        0.25831682097173764,
        0.2583808012572283,
        0.258383493279203,
        0.25828877529775895,
        0.2582888350701466,
        0.2581287001020242,
        0.2581344373230639,
        0.2581246140302905,
        0.2581350185074905,
        0.2580808956784111,
        0.2580186559268279,
        0.2581911030227203,
        0.25802281506177854,
        0.25807783863110567,
        0.2580100396337026,
        0.25805674215977903,
        0.25800575383608604,
        0.2580238213123121,
        0.2580635394768241,
        0.25809272065842576,
        0.25811889168804625,
        0.2580682304294651
      ],
      "val_total_loss": [
        4.206860225125136,
        4.159808561632896,
        4.1136343511521005,
        4.0927925771537765,
        4.058664807367109,
        4.041524916572628,
        4.020103894747221,
        4.007553350871505,
        3.9940396196701946,
        4.006306922993149,
        4.001650326931639,
        3.9922417846380496,
        3.9882888024389116,
        3.9781135649702666,
        3.980674071908896,
        3.982990165641405,
        3.984441560138225,
        3.9709248578746212,
        3.9749346556167255,
        3.9939437962585265,
        3.9875237089476436,
        3.973058938620497,
        3.981122883556475,
        3.9895873594787505,
        3.98633890813652,
        3.9938338568847103,
        3.989775620254816,
        3.9988405794399715,
        4.00890310353643,
        4.00418794352904,
        4.0053430675201644,
        4.011439560765055,
        3.9969869199381693,
        4.003016674680408,
        4.010915293772656,
        4.007956780279743,
        3.996459845863676,
        4.006792311574898
      ],