{
  "protocol": "Experimental CS-based forecasting: QR sensor placement, sparse sensor measurements, coefficient recovery, LSTM coefficient rollout, dictionary reconstruction.",
  "coefficient_source": "sensor_cs",
  "train_shape": [
    80,
    20,
    64,
    64
  ],
  "tuning_train_shape": [
    64,
    20,
    64,
    64
  ],
  "tuning_dev_shape": [
    16,
    20,
    64,
    64
  ],
  "official_test_shape": [
    40,
    20,
    64,
    64
  ],
  "common_warmup_steps": 7,
  "config": {
    "rank": 30,
    "n_sensors": 15,
    "coefficient_source": "sensor_cs",
    "n_train_trajectories": 80,
    "n_test_trajectories": 40,
    "lstm_hidden_size": 128,
    "lstm_num_layers": 2,
    "lstm_seq_length": 7,
    "lstm_num_epochs": 50,
    "lstm_batch_size": 32,
    "cs_max_iter": 200,
    "cs_tol": 0.0001,
    "cs_epsilon_l1": 0.01,
    "common_warmup_steps": 7,
    "skip_official_test": false,
    "verbose": false,
    "output": "scripts/plots/models_eval/cs_forecasting_cs200_summary.json"
  },
  "sensor_summary": {
    "rank": 30,
    "requested_sensors": 15,
    "actual_sensors": 15,
    "sensor_indices": [
      280,
      485,
      690,
      777,
      1376,
      1478,
      1508,
      2195,
      2265,
      2359,
      3085,
      3172,
      3558,
      3897,
      3991
    ],
    "coefficient_source": "sensor_cs",
    "feature_mode": "coeff_plus_delta",
    "fit_cs_mean_iterations": 200.0,
    "fit_cs_convergence_rate": 0.0
  },
  "fit_time": 16.91543197631836,
  "dev_result": {
    "one_step_r2_common": 0.2984536571797737,
    "one_step_rmse_common": 0.7130809777818902,
    "rollout_r2_common": 0.1926890116108989,
    "rollout_rmse_common": 0.7649465684121484,
    "rollout_mae_common": 0.5716266074483504,
    "rollout_rel_frob_common": 0.5626151444088618,
    "stability_gap_r2_common": 0.10576464556887477,
    "first_step_rmse": 0.29695019477924334,
    "last_step_rmse": 1.2181402004905106,
    "worst_trajectory_indices": [
      2,
      7,
      12,
      11,
      1
    ],
    "worst_trajectory_rmse": [
      0.930971998319009,
      0.8450884606880841,
      0.8356694675939962,
      0.8238674844462552,
      0.8134848350309386
    ],
    "n_eval_steps_per_trajectory": 13,
    "time": 5.436075925827026
  },
  "final_test_result": {
    "one_step_r2_common": 0.3821775066868214,
    "one_step_rmse_common": 0.6517956361672841,
    "rollout_r2_common": 0.3239793172678447,
    "rollout_rmse_common": 0.6818040587805626,
    "rollout_mae_common": 0.503395179917079,
    "rollout_rel_frob_common": 0.501052250035581,
    "stability_gap_r2_common": 0.0581981894189767,
    "first_step_rmse": 0.2597056245285385,
    "last_step_rmse": 1.1200304406931487,
    "worst_trajectory_indices": [
      25,
      38,
      36,
      31,
      30
    ],
    "worst_trajectory_rmse": [
      0.818624111547155,
      0.7663073080924253,
      0.7584918547931051,
      0.7544022575103415,
      0.7517619662024708
    ],
    "n_eval_steps_per_trajectory": 13,
    "time": 13.894990921020508
  }
}