{
  "protocol": "Experimental CS-based forecasting: QR sensor placement, sparse sensor measurements, coefficient recovery, LSTM coefficient rollout, dictionary reconstruction.",
  "coefficient_source": "sensor_cs",
  "train_shape": [
    640,
    20,
    64,
    64
  ],
  "tuning_train_shape": [
    512,
    20,
    64,
    64
  ],
  "tuning_dev_shape": [
    128,
    20,
    64,
    64
  ],
  "official_test_shape": [
    200,
    20,
    64,
    64
  ],
  "common_warmup_steps": 7,
  "config": {
    "rank": 30,
    "n_sensors": 28,
    "coefficient_source": "sensor_cs",
    "n_train_trajectories": 640,
    "n_test_trajectories": 200,
    "lstm_hidden_size": 128,
    "lstm_num_layers": 2,
    "lstm_seq_length": 7,
    "lstm_num_epochs": 50,
    "lstm_batch_size": 32,
    "cs_max_iter": 100,
    "cs_tol": 0.0001,
    "cs_epsilon_l1": 0.01,
    "cs_initialization": "zero",
    "correction_hidden_size": 128,
    "correction_num_layers": 2,
    "correction_num_epochs": 80,
    "correction_batch_size": 32,
    "correction_spatial_loss_weight": 0.0,
    "correction_rel_frob_loss_weight": 0.0,
    "common_warmup_steps": 7,
    "skip_official_test": false,
    "verbose": false,
    "output": "scripts/plots/models_eval/cs_forecasting_r30_s28_eps01_corr_h128_l2_e80_train640_test200_summary.json"
  },
  "sensor_summary": {
    "rank": 30,
    "requested_sensors": 28,
    "actual_sensors": 28,
    "sensor_indices": [
      166,
      280,
      650,
      689,
      861,
      1061,
      1224,
      1533,
      1635,
      1741,
      1837,
      2069,
      2339,
      2352,
      2422,
      2498,
      2769,
      2969,
      3108,
      3203,
      3254,
      3367,
      3474,
      3588,
      3694,
      3864,
      4021,
      4042
    ],
    "coefficient_source": "sensor_cs",
    "feature_mode": "coeff_plus_delta",
    "cs_initialization": "zero",
    "correction_enabled": true,
    "correction_num_epochs": 80,
    "correction_training_history": {
      "train_loss": [
        0.9858801632392697,
        0.9379885758512687,
        0.8996625414932423,
        0.8637928802345305,
        0.8316088956247798,
        0.7996337343112165,
        0.7736299468920781,
        0.7497833992705784,
        0.729073211802327,
        0.7109886535113121,
        0.6924330509625949,
        0.6782229889177247,
        0.665141317880176,
        0.654418602267081,
        0.6433465927447879,
        0.6327362736662602,
        0.6251320391390158,
        0.6160269322583197,
        0.6083601594418567,
        0.6015217819759591,
        0.5956874045377377,
        0.5894311340843759,
        0.5831393551200237,
        0.577561892040675,
        0.5717153943278329,
        0.5665981499719351,
        0.5628376472287062,
        0.5583184192820293,
        0.553010779138354,
        0.551657381424537,
        0.5468899296551216,
        0.5439070724635813,
        0.5401961680424817,
        0.53656255436212
      ],
      "val_loss": [
        4.96178351052746,
        4.935989753153529,
        4.912493315936933,
        4.882329374057315,
        4.8574876691780835,
        4.847130180663832,
        4.8280774018703365,
        4.831199364784436,
        4.813863022834467,
        4.804566343085978,
        4.791901832971817,
        4.793999049818174,
        4.792636081643773,
        4.778895899541058,
        4.794369887442611,
        4.788379328283249,
        4.792782733163503,
        4.795903074255896,
        4.80029244444489,
        4.785542650639921,
        4.793458642283536,
        4.806776025895799,
        4.786610793204329,
        4.805834330764472,
        4.798319621683066,
        4.814921501355293,
        4.812903240974852,
        4.816135939429788,
        4.819489002946995,
        4.818446449204987,
        4.833163917334371,
        4.814673661106852,
        4.835922439713284,
        4.832763402170725
      ]
    },
    "fit_cs_mean_iterations": 100.0,
    "fit_cs_convergence_rate": 0.0,
    "fit_reconstruction": {
      "mse": 0.1892595338087128,
      "rmse": 0.4350396922221153,
      "rel_frob_err": 0.5620340637743881,
      "r2": 0.6841177111572475
    }
  },
  "fit_time": 91.74834990501404,
  "dev_result": {
    "one_step_r2_common": 0.6167784314538941,
    "one_step_rmse_common": 0.5197315564371541,
    "rollout_r2_common": 0.517765891270493,
    "rollout_rmse_common": 0.5830194951597581,
    "rollout_mae_common": 0.41021146764918043,
    "rollout_rel_frob_common": 0.427992522019612,
    "stability_gap_r2_common": 0.09901254018340111,
    "first_step_rmse": 0.20863134744299183,
    "last_step_rmse": 0.9899830599162907,
    "worst_trajectory_indices": [
      45,
      3,
      81,
      63,
      31
    ],
    "worst_trajectory_rmse": [
      0.8925663326737748,
      0.7991842701487089,
      0.7875151311271321,
      0.7759438563397302,
      0.775522092165755
    ],
    "n_eval_steps_per_trajectory": 13,
    "time": 24.80647325515747
  },
  "final_test_result": {
    "one_step_r2_common": 0.6414551221977813,
    "one_step_rmse_common": 0.5015109343225264,
    "rollout_r2_common": 0.5613082852552117,
    "rollout_rmse_common": 0.554738568074949,
    "rollout_mae_common": 0.39347501634223114,
    "rollout_rel_frob_common": 0.41037445046128734,
    "stability_gap_r2_common": 0.08014683694256963,
    "first_step_rmse": 0.20681127437342664,
    "last_step_rmse": 0.9482501480618559,
    "worst_trajectory_indices": [
      198,
      33,
      119,
      10,
      37
    ],
    "worst_trajectory_rmse": [
      0.7871339365580128,
      0.7821121835721182,
      0.7167605321766886,
      0.7085677113267712,
      0.6945342420800718
    ],
    "n_eval_steps_per_trajectory": 13,
    "time": 39.11018395423889
  }
}