{
  "protocol": "Experimental CS-based forecasting: QR sensor placement, sparse sensor measurements, coefficient recovery, LSTM coefficient rollout, dictionary reconstruction.",
  "coefficient_source": "sensor_cs",
  "train_shape": [
    640,
    20,
    64,
    64
  ],
  "tuning_train_shape": [
    512,
    20,
    64,
    64
  ],
  "tuning_dev_shape": [
    128,
    20,
    64,
    64
  ],
  "official_test_shape": [
    200,
    20,
    64,
    64
  ],
  "common_warmup_steps": 7,
  "config": {
    "rank": 45,
    "n_sensors": 45,
    "coefficient_source": "sensor_cs",
    "n_train_trajectories": 640,
    "n_test_trajectories": 200,
    "lstm_hidden_size": 128,
    "lstm_num_layers": 2,
    "lstm_seq_length": 7,
    "lstm_num_epochs": 50,
    "lstm_batch_size": 32,
    "cs_max_iter": 100,
    "cs_tol": 0.0001,
    "cs_epsilon_l1": 0.001,
    "cs_initialization": "zero",
    "correction_hidden_size": 128,
    "correction_num_layers": 2,
    "correction_num_epochs": 80,
    "correction_batch_size": 32,
    "correction_spatial_loss_weight": 0.1,
    "correction_rel_frob_loss_weight": 0.0,
    "common_warmup_steps": 7,
    "skip_official_test": false,
    "verbose": false,
    "output": "scripts/plots/models_eval/cs_forecasting_r45_s45_eps001_corr_h128_l2_e80_spatial01_train640_test200_summary.json"
  },
  "sensor_summary": {
    "rank": 45,
    "requested_sensors": 45,
    "actual_sensors": 45,
    "sensor_indices": [
      160,
      189,
      394,
      429,
      498,
      591,
      659,
      696,
      792,
      896,
      1154,
      1182,
      1203,
      1224,
      1424,
      1442,
      1636,
      1715,
      1813,
      1978,
      2054,
      2110,
      2198,
      2205,
      2285,
      2444,
      2607,
      2655,
      2739,
      2770,
      2891,
      3000,
      3044,
      3137,
      3155,
      3301,
      3369,
      3526,
      3539,
      3632,
      3738,
      3774,
      3894,
      3932,
      3982
    ],
    "coefficient_source": "sensor_cs",
    "feature_mode": "coeff_plus_delta",
    "cs_initialization": "zero",
    "correction_enabled": true,
    "correction_num_epochs": 80,
    "correction_training_history": {
      "train_total_loss": [
        1.012044285229402,
        0.9614187020521897,
        0.9109306849413473,
        0.864805402809415,
        0.8274401249849774,
        0.7936425719654806,
        0.7682294342128689,
        0.7434024170684099,
        0.7234246006602418,
        0.7049137099375197,
        0.6885340385991682,
        0.6750975361013501,
        0.6643358815230751,
        0.6523771579896308,
        0.6423373292355778,
        0.6329502513216315,
        0.6239990826842933,
        0.6165606856569787,
        0.6076444334205499,
        0.6023992003464117,
        0.5962401404837059,
        0.5906190649206151,
        0.5844572945562581,
        0.5806213859321924,
        0.577008063596364,
        0.5709063769505127,
        0.5673721281940897,
        0.5637467873476684,
        0.5594791706462738,
        0.5559395330931859,
        0.5530628827231016,
        0.5492541008550276,
        0.5471517980210553,
        0.5440203694867819,
        0.5419830279323442,
        0.5385257405366951,
        0.5356559993961292
      ],
      "train_latent_loss": [
        0.9927994562358391,
        0.9425319936440989,
        0.892319316533001,
        0.8464096236855183,
        0.8091724752261535,
        0.77550633689476,
        0.7501580782723919,
        0.7253912513296331,
        0.7054718337631584,
        0.6869749467547347,
        0.6706326146286826,
        0.6572076782947633,
        0.6464635506356188,
        0.6345027733251704,
        0.6244782282755925,
        0.6150905905923969,
        0.606161630869359,
        0.5986981364173245,
        0.5898008135425217,
        0.5845437626677651,
        0.5783966938952791,
        0.5727679461184854,
        0.5666179385909891,
        0.5627673458203142,
        0.5591658126793481,
        0.5530480992055968,
        0.5495190080066559,
        0.5458879236656103,
        0.5416151259450931,
        0.5380709083174228,
        0.535206825335075,
        0.5313845802203352,
        0.5292922683102105,
        0.5261492411593782,
        0.5241095875038663,
        0.5206539604051028,
        0.5177797433023829
      ],
      "train_spatial_loss": [
        0.19244828035750935,
        0.18886708044088804,
        0.18611369177727047,
        0.18395777700877772,
        0.1826764811885737,
        0.18136234156521802,
        0.18071354996643638,
        0.1801116597697167,
        0.17952767661991084,
        0.17938761072020146,
        0.17901421459933384,
        0.17889859088142637,
        0.17872329893859198,
        0.1787438212539197,
        0.17859100840887926,
        0.17859659505829803,
        0.17837454185141408,
        0.17862547855216165,
        0.1784361865015012,
        0.17855437486301443,
        0.17843446231693533,
        0.17851118766903654,
        0.1783935689009153,
        0.17854040592741116,
        0.17842250313141556,
        0.17858276888308786,
        0.1785311937108496,
        0.17858861655164615,
        0.17864043365388158,
        0.17868624871935673,
        0.1785605466220437,
        0.17869518330463996,
        0.17859529071185198,
        0.17871128888783266,
        0.1787344035914423,
        0.1787177837308755,
        0.178762560121114
      ],
      "train_rel_frob_loss": [
        0.2754802712580053,
        0.27198839809389097,
        0.2689143758777382,
        0.2666230326298254,
        0.2651455528964245,
        0.26377337181322125,
        0.2629177150873932,
        0.26216464992088406,
        0.2615911497631395,
        0.26126662563204095,
        0.26098490458603874,
        0.2606461257022049,
        0.2604048658714509,
        0.26030429635217894,
        0.2601041923991735,
        0.26006589647081957,
        0.25982114659241395,
        0.25991374113322646,
        0.2597405266582854,
        0.25978703564819206,
        0.2595848931939696,
        0.2596224997604989,
        0.2595269773623733,
        0.25962273060269025,
        0.2594980909386003,
        0.25959665212801203,
        0.25942113306687875,
        0.25955008458464945,
        0.25953063150172384,
        0.25966882820871934,
        0.2594931367637964,
        0.2595228229074496,
        0.2594767557411659,
        0.25957037436358255,
        0.25958796064133494,
        0.25948447644934197,
        0.25947503445296083
      ],
      "val_total_loss": [
        4.1563210882932,
        4.109727598423332,
        4.07040356726668,
        4.040939730217015,
        4.0173449286148735,
        3.9951293766948073,
        3.9815571318924157,
        3.9730963368940855,
        3.9607948573646143,
        3.969379137364268,
        3.969069018443066,
        3.959971760912359,
        3.9460160592023064,
        3.9407722932001406,
        3.9537668156228274,
        3.9542997850731667,
        3.939908159264612,
        3.9440505098253715,
        3.9441301545765963,
        3.947935643778667,
        3.947626892797548,
        3.941045722270983,
        3.9454827661068372,
        3.9482312087379787,
        3.948952263476802,
        3.94285702309817,
        3.9545424462803167,
        3.961693924836264,
        3.973816868766221,
        3.9661086227739197,
        3.95754765745022,
        3.966597162940024,
        3.966183758069667,
        3.9786547413418916,
        3.9700808553853904,
        3.9766604616271604,
        3.9749987776283047
      ],