{
  "protocol": "Experimental CS-based forecasting: QR sensor placement, sparse sensor measurements, coefficient recovery, LSTM coefficient rollout, dictionary reconstruction.",
  "coefficient_source": "sensor_cs",
  "train_shape": [
    640,
    20,
    64,
    64
  ],
  "tuning_train_shape": [
    512,
    20,
    64,
    64
  ],
  "tuning_dev_shape": [
    128,
    20,
    64,
    64
  ],
  "official_test_shape": [
    200,
    20,
    64,
    64
  ],
  "common_warmup_steps": 7,
  "config": {
    "rank": 45,
    "n_sensors": 45,
    "coefficient_source": "sensor_cs",
    "n_train_trajectories": 640,
    "n_test_trajectories": 200,
    "lstm_hidden_size": 128,
    "lstm_num_layers": 2,
    "lstm_seq_length": 7,
    "lstm_num_epochs": 50,
    "lstm_batch_size": 32,
    "cs_max_iter": 100,
    "cs_tol": 0.0001,
    "cs_epsilon_l1": 0.001,
    "cs_initialization": "zero",
    "correction_hidden_size": 128,
    "correction_num_layers": 2,
    "correction_num_epochs": 80,
    "correction_batch_size": 32,
    "correction_spatial_loss_weight": 0.25,
    "correction_rel_frob_loss_weight": 0.1,
    "common_warmup_steps": 7,
    "skip_official_test": false,
    "verbose": false,
    "output": "scripts/plots/models_eval/cs_forecasting_r45_s45_eps001_corr_h128_l2_e80_spatial025_rel01_train640_test200_summary.json"
  },
  "sensor_summary": {
    "rank": 45,
    "requested_sensors": 45,
    "actual_sensors": 45,
    "sensor_indices": [
      160,
      189,
      394,
      429,
      498,
      591,
      659,
      696,
      792,
      896,
      1154,
      1182,
      1203,
      1224,
      1424,
      1442,
      1636,
      1715,
      1813,
      1978,
      2054,
      2110,
      2198,
      2205,
      2285,
      2444,
      2607,
      2655,
      2739,
      2770,
      2891,
      3000,
      3044,
      3137,
      3155,
      3301,
      3369,
      3526,
      3539,
      3632,
      3738,
      3774,
      3894,
      3932,
      3982
    ],
    "coefficient_source": "sensor_cs",
    "feature_mode": "coeff_plus_delta",
    "cs_initialization": "zero",
    "correction_enabled": true,
    "correction_num_epochs": 80,
    "correction_training_history": {
      "train_total_loss": [
        1.0681931212963798,
        1.0166113617719896,
        0.9642887791594242,
        0.9187194484707115,
        0.879661353444069,
        0.846136818124474,
        0.818536103330902,
        0.7942163310847185,
        0.7736818987030473,
        0.7541742540210988,
        0.7383928731950542,
        0.7257982471199466,
        0.7143261542239735,
        0.7026039413842207,
        0.6922374021045262,
        0.6823742953295109,
        0.6743108517904443,
        0.666709889166798,
        0.6597756991243273,
        0.6546414675229486,
        0.6470853449479724,
        0.6415547743747203,
        0.6365631664447892,
        0.6326339185573371,
        0.6275359516519543,
        0.623132147372999,
        0.6180437164950774,
        0.6150081811881647,
        0.6117548633918977,
        0.6072646647188498,
        0.6046880335342594,
        0.600598715125508,
        0.5986270690053758,
        0.5955144214809053,
        0.5935853373489952,
        0.5894801154145604,
        0.5876294643301901,
        0.5847203242398561,
        0.5820495517571469,
        0.5795631615350663,
        0.57852633460154,
        0.5760114447596373,
        0.5737662337734373
      ],
      "train_latent_loss": [
        0.9927042002749488,
        0.9426092579485551,
        0.8914193657951999,
        0.84664475322888,
        0.8081385126704347,
        0.7750570378428776,
        0.7476886433910921,
        0.7235868643417144,
        0.7032473892700382,
        0.6837868630550592,
        0.6681373179294379,
        0.6555925949876796,
        0.6441781619923647,
        0.6325209657649385,
        0.6221775143276236,
        0.6123243804273194,
        0.6043372602892191,
        0.5967029569743946,
        0.5898115255819253,
        0.5846753459710341,
        0.5771617479216985,
        0.5716018049958499,
        0.5666476097160611,
        0.5627262856902145,
        0.5576077083709317,
        0.553214485202453,
        0.5481452896492119,
        0.5450702005881977,
        0.5418580209448458,
        0.5373461540823359,
        0.5348052979410254,
        0.5306974684543502,
        0.5287389979577198,
        0.5255808154145504,
        0.5236403243850365,
        0.5195192518198468,
        0.5177072391836549,
        0.5147656517449284,
        0.5121661504035148,
        0.5096362327545266,
        0.5085595668592328,
        0.5060705879168483,
        0.5037929485036553
      ],
      "train_spatial_loss": [
        0.19192494308859054,
        0.1876474233885867,
        0.184518086093899,
        0.18230583383151336,
        0.1807860933985093,
        0.17955524130229877,
        0.17895785507520637,
        0.17838406251921662,
        0.17782238242102832,
        0.17775019709768708,
        0.1773807096129063,
        0.17725473943168182,
        0.17714600692770494,
        0.17694424077113619,
        0.17692518423243267,
        0.17687955329834185,
        0.1767015605549875,
        0.17682940318593388,
        0.17670531353404778,
        0.17670019159956676,
        0.17660582630875857,
        0.17671076032782138,
        0.1765867010961107,
        0.1765901020610981,
        0.17665658592618652,
        0.17662357907134194,
        0.1766052543390088,
        0.1767072386522454,
        0.17661535753877255,
        0.1766633395462054,
        0.17654448986388951,
        0.17663179854626504,
        0.1765923218700273,
        0.17670726110183724,
        0.17675476052412173,
        0.17680213648203838,
        0.17670164019093057,
        0.1767933088216728,
        0.17658518492392705,
        0.17672469832883766,
        0.1768342762234958,
        0.17678618704791813,
        0.17684161186106434
      ],
      "train_rel_frob_loss": [
        0.27507686133008963,
        0.2709025083742267,
        0.2673989147003775,
        0.2649823608809967,
        0.26326317066994215,
        0.26190971460396084,
        0.2610799731836981,
        0.2603344917073706,
        0.25978912726799497,
        0.2594984248140739,
        0.259103770992993,
        0.25891968167297835,
        0.2586148969787147,
        0.2584691636557874,
        0.2582858925465124,
        0.2583002835679904,
        0.25798200855335646,
        0.2579958190054652,
        0.2578784292008148,
        0.25791074521769725,
        0.2577213744732497,
        0.2577527945081915,
        0.25768881764465607,
        0.25760108592586267,
        0.2576410006626909,
        0.2576176683853536,
        0.25747113136144784,
        0.2576117057737669,
        0.2574300309059544,
        0.25752674280814336,
        0.2574661402608395,
        0.257432955883681,
        0.2573999097825886,
        0.2575679429141039,
        0.2575632062459305,
        0.2576033290846039,
        0.2574681430719583,
        0.2575634819481655,
        0.2573710325175781,
        0.2574575749951053,
        0.2575819663661506,
        0.25744308260099974,
        0.2576288256591525
      ],