{
  "protocol": "Experimental CS-based forecasting: QR sensor placement, sparse sensor measurements, coefficient recovery, LSTM coefficient rollout, dictionary reconstruction.",
  "coefficient_source": "sensor_cs",
  "train_shape": [
    160,
    20,
    64,
    64
  ],
  "tuning_train_shape": [
    128,
    20,
    64,
    64
  ],
  "tuning_dev_shape": [
    32,
    20,
    64,
    64
  ],
  "official_test_shape": [
    40,
    20,
    64,
    64
  ],
  "common_warmup_steps": 7,
  "config": {
    "rank": 30,
    "n_sensors": 30,
    "coefficient_source": "sensor_cs",
    "n_train_trajectories": 160,
    "n_test_trajectories": 40,
    "lstm_hidden_size": 128,
    "lstm_num_layers": 2,
    "lstm_seq_length": 7,
    "lstm_num_epochs": 50,
    "lstm_batch_size": 32,
    "cs_max_iter": 100,
    "cs_tol": 0.0001,
    "cs_epsilon_l1": 0.001,
    "cs_initialization": "zero",
    "correction_hidden_size": 128,
    "correction_num_layers": 2,
    "correction_num_epochs": 80,
    "correction_batch_size": 32,
    "correction_spatial_loss_weight": 0.25,
    "correction_rel_frob_loss_weight": 0.1,
    "common_warmup_steps": 7,
    "skip_official_test": false,
    "verbose": false,
    "output": "scripts/plots/models_eval/cs_forecasting_r30_s30_eps001_corr_h128_l2_e80_spatial025_rel01_train160_probe.json"
  },
  "sensor_summary": {
    "rank": 30,
    "requested_sensors": 30,
    "actual_sensors": 30,
    "sensor_indices": [
      52,
      104,
      197,
      216,
      650,
      671,
      878,
      888,
      1038,
      1124,
      1367,
      1534,
      1603,
      1698,
      1772,
      1996,
      2069,
      2287,
      2372,
      2467,
      2548,
      2875,
      2982,
      3021,
      3034,
      3328,
      3494,
      3696,
      3738,
      3903
    ],
    "coefficient_source": "sensor_cs",
    "feature_mode": "coeff_plus_delta",
    "cs_initialization": "zero",
    "correction_enabled": true,
    "correction_num_epochs": 80,
    "correction_training_history": {
      "train_total_loss": [
        1.0957381262318941,
        1.0564069089846373,
        1.02227689705643,
        0.9805971148506728,
        0.9389353145481415,
        0.8949424697263209,
        0.8541509730244115,
        0.8158928034532124,
        0.7779519468051456,
        0.7443100780383494,
        0.7177916536863393,
        0.6889927280254853,
        0.666181234842332,
        0.6441203985998174,
        0.6227808515590421,
        0.6036746871417464,
        0.5880102675245179,
        0.5730467262491022,
        0.5567179431472968,
        0.5425367783277463,
        0.5287515409571732,
        0.5174311446658088,
        0.5058235357969235,
        0.4963269888185987,
        0.4855680183857275,
        0.4781907767192271,
        0.46912631711629,
        0.459959550365963,
        0.45280729852290896,
        0.4459115300063454,
        0.4384679511122035,
        0.4306019340974713,
        0.42356565639623867,
        0.4173988423016636,
        0.41244039362012713,
        0.40672477828071846,
        0.4008896812054906,
        0.3961063256630531,
        0.39227990044188177,
        0.3875158345986995,
        0.3853042462832248,
        0.37862589384455847,
        0.37528549231375324,
        0.37112606960723843,
        0.36720865353559834,
        0.3616793385817814,
        0.3597512669512949,
        0.35465751397304046,
        0.35343583263063505,
        0.3517212713106365,
        0.34967611709870905,
        0.3448307209424843,
        0.3463025692271611,
        0.3420932038067693,
        0.3372797503910093,
        0.33510365142721577,
        0.3306594562476577
      ],
      "train_latent_loss": [
        1.006473599695692,
        0.9674841672586639,
        0.9337624284476717,
        0.8924274812276907,
        0.8513507152574634,
        0.8075058943905262,
        0.766910927687655,
        0.7288242948900341,
        0.6910825541655942,
        0.6577218139872831,
        0.631112430879613,
        0.602400012685163,
        0.5797454496314622,
        0.5577154542525969,
        0.5363756260900656,
        0.5174944953681118,
        0.5016889154101929,
        0.4867495257929979,
        0.47057091457092204,
        0.4563483850718623,
        0.44264243014977167,
        0.4313318760416626,
        0.4196563748302862,
        0.4101907783503986,
        0.3994769100240273,
        0.39205153504468016,
        0.38302824728269563,
        0.3738467291918995,
        0.3667071641929908,
        0.3599093803633033,
        0.35236015843949525,
        0.34446126932831733,
        0.33748551196282445,
        0.33133966620691224,
        0.326342500577685,
        0.3206341255394402,
        0.3147525514952198,
        0.309968047911585,
        0.3061987416506892,
        0.3013887535752574,
        0.29920421646371326,
        0.29248238347054967,
        0.28913999152219494,
        0.28498544906958556,
        0.2811264828589167,
        0.27546677995770946,
        0.27359459028884114,
        0.26857307279091974,
        0.2672770234614296,
        0.2655860659853186,
        0.2634826352423672,
        0.2587506921672533,
        0.2601800023340711,
        0.2558512291217821,
        0.25110735172240084,
        0.249032686805833,
        0.24449727642680005
      ],
      "train_spatial_loss": [
        0.2326064519303237,
        0.2315435707793876,
        0.2303082612350156,
        0.22929011808980823,
        0.22750336907208416,
        0.2271262743534186,
        0.22661074400397627,
        0.22615261344438584,
        0.22562315680232703,
        0.2248187555986292,
        0.22519912819067636,
        0.2250015626620743,
        0.22463513715234817,
        0.22454908492428505,
        0.22469600583363442,
        0.2240579114780167,
        0.22452899696780185,
        0.22451134832915856,
        0.22408857867458826,
        0.22426172223386,
        0.2241111717342791,
        0.22408585616725962,
        0.22434979169257266,
        0.2242790319216557,
        0.22417842456298356,
        0.22435319675399526,
        0.22430758924415928,
        0.22433477907608718,
        0.22433292418493583,
        0.224023237509785,
        0.22439911001857768,
        0.22449410624723448,
        0.2243428390759688,
        0.22431798825436589,
        0.2244388851060407,
        0.22444127754028745,
        0.22457812832131824,
        0.22463772042484484,
        0.22441135486236705,
        0.22460776571954177,
        0.22452087689129296,
        0.22465729466211024,
        0.22469008166685722,
        0.22463749517682452,
        0.22447329140401714,
        0.22494250207824765,
        0.2247647582181079,
        0.2245186276250655,
        0.22476757898769406,
        0.22470961281886467,
        0.22491184652391064,
        0.22453130168073318,
        0.2246711359079787,
        0.22507439650381672,
        0.22487648391076343,
        0.22451142236298205,
        0.22485525065507644
      ],