{
  "protocol": "Experimental CS-based forecasting: QR sensor placement, sparse sensor measurements, coefficient recovery, LSTM coefficient rollout, dictionary reconstruction.",
  "coefficient_source": "sensor_cs",
  "train_shape": [
    640,
    20,
    64,
    64
  ],
  "tuning_train_shape": [
    512,
    20,
    64,
    64
  ],
  "tuning_dev_shape": [
    128,
    20,
    64,
    64
  ],
  "official_test_shape": [
    200,
    20,
    64,
    64
  ],
  "common_warmup_steps": 7,
  "config": {
    "rank": 30,
    "n_sensors": 28,
    "coefficient_source": "sensor_cs",
    "n_train_trajectories": 640,
    "n_test_trajectories": 200,
    "lstm_hidden_size": 128,
    "lstm_num_layers": 2,
    "lstm_seq_length": 7,
    "lstm_num_epochs": 50,
    "lstm_batch_size": 32,
    "cs_max_iter": 100,
    "cs_tol": 0.0001,
    "cs_epsilon_l1": 0.01,
    "cs_initialization": "zero",
    "common_warmup_steps": 7,
    "skip_official_test": false,
    "verbose": false,
    "output": "scripts/plots/models_eval/cs_forecasting_r30_s28_cs100_eps01_train640_test200_summary.json"
  },
  "sensor_summary": {
    "rank": 30,
    "requested_sensors": 28,
    "actual_sensors": 28,
    "sensor_indices": [
      166,
      280,
      650,
      689,
      861,
      1061,
      1224,
      1533,
      1635,
      1741,
      1837,
      2069,
      2339,
      2352,
      2422,
      2498,
      2769,
      2969,
      3108,
      3203,
      3254,
      3367,
      3474,
      3588,
      3694,
      3864,
      4021,
      4042
    ],
    "coefficient_source": "sensor_cs",
    "feature_mode": "coeff_plus_delta",
    "cs_initialization": "zero",
    "fit_cs_mean_iterations": 100.0,
    "fit_cs_convergence_rate": 0.0,
    "fit_reconstruction": {
      "mse": 0.1892595338087128,
      "rmse": 0.4350396922221153,
      "rel_frob_err": 0.5620340637743881,
      "r2": 0.6841177111572475
    }
  },
  "fit_time": 93.10185503959656,
  "dev_result": {
    "one_step_r2_common": 0.6060041971401111,
    "one_step_rmse_common": 0.5269870125011793,
    "rollout_r2_common": 0.4811524963515619,
    "rollout_rmse_common": 0.6047473588195397,
    "rollout_mae_common": 0.4277063793217695,
    "rollout_rel_frob_common": 0.44394286886573225,
    "stability_gap_r2_common": 0.12485170078854924,
    "first_step_rmse": 0.2259118380144665,
    "last_step_rmse": 1.0196710278604588,
    "worst_trajectory_indices": [
      45,
      31,
      74,
      33,
      63
    ],
    "worst_trajectory_rmse": [
      0.9025161584457937,
      0.8072888794736248,
      0.7895149806719319,
      0.7709281313144054,
      0.766144078523161
    ],
    "n_eval_steps_per_trajectory": 13,
    "time": 24.33327603340149
  },
  "final_test_result": {
    "one_step_r2_common": 0.6314864532507665,
    "one_step_rmse_common": 0.5084349233565204,
    "rollout_r2_common": 0.523216759931409,
    "rollout_rmse_common": 0.5783212298932349,
    "rollout_mae_common": 0.410822406541155,
    "rollout_rel_frob_common": 0.42782000489186767,
    "stability_gap_r2_common": 0.10826969331935743,
    "first_step_rmse": 0.22467315366411303,
    "last_step_rmse": 0.975065658821435,
    "worst_trajectory_indices": [
      25,
      198,
      33,
      31,
      197
    ],
    "worst_trajectory_rmse": [
      0.8476167619353486,
      0.7982555874053059,
      0.7857266046489884,
      0.7554057138697343,
      0.737674738094499
    ],
    "n_eval_steps_per_trajectory": 13,
    "time": 36.90439200401306
  }
}