{
  "protocol": "Experimental CS-based forecasting: QR sensor placement, sparse sensor measurements, coefficient recovery, LSTM coefficient rollout, dictionary reconstruction.",
  "coefficient_source": "sensor_cs",
  "train_shape": [
    160,
    20,
    64,
    64
  ],
  "tuning_train_shape": [
    128,
    20,
    64,
    64
  ],
  "tuning_dev_shape": [
    32,
    20,
    64,
    64
  ],
  "official_test_shape": [
    40,
    20,
    64,
    64
  ],
  "common_warmup_steps": 7,
  "config": {
    "rank": 45,
    "n_sensors": 45,
    "coefficient_source": "sensor_cs",
    "n_train_trajectories": 160,
    "n_test_trajectories": 40,
    "lstm_hidden_size": 128,
    "lstm_num_layers": 2,
    "lstm_seq_length": 7,
    "lstm_num_epochs": 50,
    "lstm_batch_size": 32,
    "cs_max_iter": 100,
    "cs_tol": 0.0001,
    "cs_epsilon_l1": 0.001,
    "cs_initialization": "zero",
    "correction_hidden_size": 128,
    "correction_num_layers": 2,
    "correction_num_epochs": 80,
    "correction_batch_size": 32,
    "correction_spatial_loss_weight": 0.25,
    "correction_rel_frob_loss_weight": 0.1,
    "common_warmup_steps": 7,
    "skip_official_test": false,
    "verbose": false,
    "output": "scripts/plots/models_eval/cs_forecasting_r45_s45_eps001_corr_h128_l2_e80_spatial025_rel01_train160_probe.json"
  },
  "sensor_summary": {
    "rank": 45,
    "requested_sensors": 45,
    "actual_sensors": 45,
    "sensor_indices": [
      39,
      80,
      119,
      189,
      556,
      591,
      671,
      793,
      816,
      848,
      887,
      899,
      996,
      1190,
      1396,
      1511,
      1534,
      1539,
      1562,
      1757,
      1803,
      1861,
      1897,
      2105,
      2225,
      2265,
      2445,
      2526,
      2702,
      2740,
      2755,
      2851,
      2899,
      2937,
      2984,
      3268,
      3336,
      3432,
      3453,
      3547,
      3741,
      3760,
      3850,
      3894,
      3999
    ],
    "coefficient_source": "sensor_cs",
    "feature_mode": "coeff_plus_delta",
    "cs_initialization": "zero",
    "correction_enabled": true,
    "correction_num_epochs": 80,
    "correction_training_history": {
      "train_total_loss": [
        1.083989944033673,
        1.044735247732827,
        1.0092484069985321,
        0.9628604217172568,
        0.9135790248801805,
        0.8630043042551159,
        0.8174887117037766,
        0.7762696962370952,
        0.7383905674357579,
        0.7042905567817919,
        0.6744718852805516,
        0.6477351099657257,
        0.6202503413995826,
        0.5987113859858448,
        0.5773277402283739,
        0.5601918894241299,
        0.5420220898826738,
        0.5264508363707933,
        0.5125115687311325,
        0.49865993259539254,
        0.486609548330307,
        0.4745232675499866,
        0.46547288808347953,
        0.4557723808881924,
        0.4476723650282145,
        0.4390357931454976,
        0.4306581510317991,
        0.4236923630151274,
        0.41663614189642767,
        0.4077683471446663,
        0.40220854913487153,
        0.3950075733266085,
        0.39172396113250413,
        0.385273186914162,
        0.37979137241211053,
        0.37410795382964307,
        0.36862509584175157,
        0.36517319123669445,
        0.3627337603457553,
        0.35682928912779865,
        0.35487789320190566,
        0.34848038589253144,
        0.3456803059955528,
        0.3418494462517412,
        0.33740555691683094,
        0.3361286235071415,
        0.33287773484737804,
        0.3299818097376356,
        0.3267571280624712,
        0.32496858079149354,
        0.3222652283549129
      ],
      "train_latent_loss": [
        1.0072820154250477,
        0.9684008579268535,
        0.9333096532260671,
        0.8872885381294412,
        0.838584291179795,
        0.788371974886093,
        0.7433742246117168,
        0.7025207046469951,
        0.6648271332858734,
        0.6310828498046323,
        0.6013041583661041,
        0.5748201096219714,
        0.5476081471097954,
        0.5260895701015696,
        0.5048671008774598,
        0.4877745538815114,
        0.4697658226770513,
        0.4542820665811162,
        0.44035924928400494,
        0.42665882208588257,
        0.4146734211779288,
        0.4025702482794565,
        0.3935868084250892,
        0.38403433395007436,
        0.3757930089625478,
        0.36723899917724806,
        0.35895517185262965,
        0.3519844747686458,
        0.34489311010409623,
        0.33613452014160733,
        0.33053721211075243,
        0.3234023398763274,
        0.3200906677393532,
        0.3136587387476212,
        0.3082082993034863,
        0.3025143019753883,
        0.29703552591674826,
        0.2936247272099485,
        0.2912231517413443,
        0.28529491198008955,
        0.28335532361745475,
        0.27698623792438304,
        0.27411414716578175,
        0.2703880494626219,
        0.26587996583538714,
        0.2645489024630499,
        0.26151344132908866,
        0.2584665462621916,
        0.25521970518933523,
        0.25351977442724133,
        0.2507941530031316
      ],
      "train_spatial_loss": [
        0.19455533071251116,
        0.19336583999127463,
        0.19212883301809722,
        0.19101784120947346,
        0.18924273372955092,
        0.18818484237740662,
        0.18660920622391938,
        0.1855655116328287,
        0.18507238029085132,
        0.18406534577027345,
        0.18406611200011874,
        0.1833408812502031,
        0.18260510290550072,
        0.18259891806954173,
        0.1821782247558079,
        0.18212380205164488,
        0.18169692169936713,
        0.18150848637968525,
        0.1814736428686037,
        0.181108103056479,
        0.1809692152664852,
        0.18101322238486636,
        0.1808959263549671,
        0.1804563432122787,
        0.18094018551199326,
        0.18071377039135492,
        0.18047761449626848,
        0.18051957227795373,
        0.18065959608482918,
        0.18037154803089067,
        0.18049036287793926,
        0.1803143787932432,
        0.18042441696872538,
        0.18039146899547692,
        0.1803111122249658,
        0.18040361028406235,
        0.18037734794266083,
        0.18026992979812045,
        0.1801722750269989,
        0.18025293592279312,
        0.18023637508015466,
        0.18015987559770927,
        0.18040360905915542,
        0.18008819833779946,
        0.18030177344473958,
        0.18049860038818458,
        0.17980665305620944,
        0.18029733246043436,
        0.1804173996455709,
        0.18011228788537317,
        0.1802003884836919
      ],