{
  "protocol": "Experimental CS-based forecasting: QR sensor placement, sparse sensor measurements, coefficient recovery, LSTM coefficient rollout, dictionary reconstruction.",
  "coefficient_source": "sensor_cs",
  "train_shape": [
    640,
    20,
    64,
    64
  ],
  "tuning_train_shape": [
    512,
    20,
    64,
    64
  ],
  "tuning_dev_shape": [
    128,
    20,
    64,
    64
  ],
  "official_test_shape": [
    200,
    20,
    64,
    64
  ],
  "common_warmup_steps": 7,
  "config": {
    "rank": 45,
    "n_sensors": 45,
    "coefficient_source": "sensor_cs",
    "n_train_trajectories": 640,
    "n_test_trajectories": 200,
    "lstm_hidden_size": 128,
    "lstm_num_layers": 2,
    "lstm_seq_length": 7,
    "lstm_num_epochs": 50,
    "lstm_batch_size": 32,
    "cs_max_iter": 100,
    "cs_tol": 0.0001,
    "cs_epsilon_l1": 0.001,
    "cs_initialization": "zero",
    "correction_hidden_size": 256,
    "correction_num_layers": 2,
    "correction_num_epochs": 120,
    "correction_batch_size": 32,
    "correction_spatial_loss_weight": 0.25,
    "correction_rel_frob_loss_weight": 0.1,
    "common_warmup_steps": 7,
    "skip_official_test": false,
    "verbose": false,
    "output": "scripts/plots/models_eval/cs_forecasting_r45_s45_eps001_corr_h256_l2_e120_spatial025_rel01_train640_test200_summary.json"
  },
  "sensor_summary": {
    "rank": 45,
    "requested_sensors": 45,
    "actual_sensors": 45,
    "sensor_indices": [
      160,
      189,
      394,
      429,
      498,
      591,
      659,
      696,
      792,
      896,
      1154,
      1182,
      1203,
      1224,
      1424,
      1442,
      1636,
      1715,
      1813,
      1978,
      2054,
      2110,
      2198,
      2205,
      2285,
      2444,
      2607,
      2655,
      2739,
      2770,
      2891,
      3000,
      3044,
      3137,
      3155,
      3301,
      3369,
      3526,
      3539,
      3632,
      3738,
      3774,
      3894,
      3932,
      3982
    ],
    "coefficient_source": "sensor_cs",
    "feature_mode": "coeff_plus_delta",
    "cs_initialization": "zero",
    "correction_enabled": true,
    "correction_num_epochs": 120,
    "correction_training_history": {
      "train_total_loss": [
        1.0641609153872806,
        0.994907055518417,
        0.9240107867552236,
        0.8585998159635805,
        0.8004317956391239,
        0.7540783755551136,
        0.7104203246324192,
        0.6742593964537358,
        0.6432999051086898,
        0.618165618796286,
        0.5936509092574271,
        0.5756128088618309,
        0.5551400459282394,
        0.5384576003949593,
        0.5259820939452294,
        0.5122755397104188,
        0.5016061356658112,
        0.4908966584008809,
        0.4818013430983667,
        0.4726849308492542,
        0.4643708550013029,
        0.4576023071389261,
        0.4502292590897258,
        0.4434159928370148,
        0.43853175534987315,
        0.4313930500739064,
        0.4270956029364137,
        0.42346683395065465,
        0.4154335618242761,
        0.41153483809047076
      ],
      "train_latent_loss": [
        0.9890443279640312,
        0.9213721515761084,
        0.8516631617555028,
        0.787237531874909,
        0.7296822653702455,
        0.6836345047932852,
        0.6401702723852019,
        0.604169966087556,
        0.5732674111680287,
        0.5481929080347631,
        0.5237233032205092,
        0.5057176426919718,
        0.4852702894309225,
        0.46857761269886095,
        0.4560743899215677,
        0.44234709079896306,
        0.43170946801804694,
        0.4209870152021662,
        0.4118671127712078,
        0.40276471948981507,
        0.3944036441157951,
        0.38766253892521024,
        0.38025224874211966,
        0.3734227186407873,
        0.3685260257063395,
        0.3613986346556143,
        0.35713418175310846,
        0.3534512083704879,
        0.3454332211116018,
        0.34155469022369744
      ],
      "train_spatial_loss": [
        0.19082533466100246,
        0.1863347000800646,
        0.1830663672363557,
        0.18036013276335447,
        0.17865991057307368,
        0.1778914630916284,
        0.17740851718701744,
        0.17700716726775464,
        0.17691272865093224,
        0.17674947798140278,
        0.17670318077250224,
        0.1766293497514993,
        0.17658009543092346,
        0.17664313396861808,
        0.17676758323333053,
        0.17685702524757743,
        0.17676711422976588,
        0.17684770172241704,
        0.176969211164156,
        0.17691841329016336,
        0.17710106942040835,
        0.17702589024969606,
        0.17713292084536453,
        0.1772271277812811,
        0.17728057616647144,
        0.1772187202777469,
        0.177155110089014,
        0.17732189068986595,
        0.1772914569776009,
        0.1772366473978948
      ],
      "train_rel_frob_loss": [
        0.27410252424163173,
        0.2695122934863894,
        0.26581032177744396,
        0.2627225150478266,
        0.26084551930874866,
        0.25970998766498316,
        0.25897921702875204,
        0.25837643204106625,
        0.2580431176562694,
        0.25785341404839707,
        0.2575181272866355,
        0.25737828279637487,
        0.257247337693345,
        0.2571920534683213,
        0.257158089125805,
        0.2571419240833447,
        0.25704890530954827,
        0.25697717417807336,
        0.2569192579383027,
        0.2569060836679269,
        0.25691944254495863,
        0.25683295926390176,
        0.25693780186028686,
        0.2568649130847172,
        0.2568558529215056,
        0.2568973553337255,
        0.25672643832708614,
        0.25685153321186555,
        0.2567747563291446,
        0.25670987436404596
      ],
      "val_total_loss": [
        4.204467520275087,
        4.143084649766372,
        4.090107740140429,
        4.05050617321584,
        4.029681968113596,
        4.022746500386372,
        3.995173409693561,
        3.99897419741071,
        3.9929615145894735,
        3.9846849570986373,
        3.988730017775684,
        4.000134048778367,
        3.991980062171165,
        3.9971083940244188,
        4.002419799701121,
        4.015001105686838,
        4.01097892024758,
        4.024994038169021,
        4.018903657501819,
        4.009614377719425,
        4.034919637360724,
        4.026963758972076,
        4.04866145351174,
        4.037454131861438,
        4.0378759551012315,
        4.057913976557114,
        4.054001255092937,
        4.059989110017434,
        4.058331723306694,
        4.066960434748217
      ],
      "val_latent_loss": [
        4.119420729071845,
        4.060019441319807,
        4.008319021889527,
        3.9698714648976043,
        3.9496402539099322,
        3.9429283918838154,
        3.9157798581533303,
        3.9202485882858347,
        3.9140613557346624,
        3.905966353092798,
        3.9099605173367,
        3.9208533321570487,
        3.9131701233520046,
        3.918232264022482,
        3.9234097741128453,
        3.9362209904068015,
        3.931643347215149,
        3.9455901796102166,
        3.939981812984875,
        3.930533724852457,
        3.955744449908917,
        3.947796463426961,
        3.9692118854724083,
        3.9579534027191667,
        3.958624849132463,
        3.978549835009453,
        3.9742668088564868,
        3.980500634079785,
        3.9791490841055706,
        3.9874335680252466
      ],