{
  "protocol": "Experimental CS-based forecasting: QR sensor placement, sparse sensor measurements, coefficient recovery, LSTM coefficient rollout, dictionary reconstruction.",
  "coefficient_source": "sensor_cs",
  "train_shape": [
    640,
    20,
    64,
    64
  ],
  "tuning_train_shape": [
    512,
    20,
    64,
    64
  ],
  "tuning_dev_shape": [
    128,
    20,
    64,
    64
  ],
  "official_test_shape": [
    200,
    20,
    64,
    64
  ],
  "common_warmup_steps": 7,
  "config": {
    "rank": 45,
    "n_sensors": 45,
    "coefficient_source": "sensor_cs",
    "n_train_trajectories": 640,
    "n_test_trajectories": 200,
    "lstm_hidden_size": 128,
    "lstm_num_layers": 2,
    "lstm_seq_length": 7,
    "lstm_num_epochs": 50,
    "lstm_batch_size": 32,
    "cs_max_iter": 100,
    "cs_tol": 0.0001,
    "cs_epsilon_l1": 0.001,
    "cs_initialization": "zero",
    "correction_hidden_size": 128,
    "correction_num_layers": 2,
    "correction_num_epochs": 80,
    "correction_batch_size": 32,
    "correction_spatial_loss_weight": 0.0,
    "correction_rel_frob_loss_weight": 0.0,
    "common_warmup_steps": 7,
    "skip_official_test": false,
    "verbose": false,
    "output": "scripts/plots/models_eval/cs_forecasting_r45_s45_eps001_corr_h128_l2_e80_train640_test200_summary.json"
  },
  "sensor_summary": {
    "rank": 45,
    "requested_sensors": 45,
    "actual_sensors": 45,
    "sensor_indices": [
      160,
      189,
      394,
      429,
      498,
      591,
      659,
      696,
      792,
      896,
      1154,
      1182,
      1203,
      1224,
      1424,
      1442,
      1636,
      1715,
      1813,
      1978,
      2054,
      2110,
      2198,
      2205,
      2285,
      2444,
      2607,
      2655,
      2739,
      2770,
      2891,
      3000,
      3044,
      3137,
      3155,
      3301,
      3369,
      3526,
      3539,
      3632,
      3738,
      3774,
      3894,
      3932,
      3982
    ],
    "coefficient_source": "sensor_cs",
    "feature_mode": "coeff_plus_delta",
    "cs_initialization": "zero",
    "correction_enabled": true,
    "correction_num_epochs": 80,
    "correction_training_history": {
      "train_loss": [
        0.9929510598334765,
        0.9439394575122597,
        0.8935205305271257,
        0.8477481634934445,
        0.8101351962527906,
        0.7768031206631973,
        0.7498045590536679,
        0.7251544793819621,
        0.7048815580962076,
        0.6856317894320103,
        0.6700672749954137,
        0.6560433948688614,
        0.645520586524627,
        0.6332136559665315,
        0.6228083336330936,
        0.6132964106035501,
        0.6047647225476563,
        0.5970316208773214,
        0.5901965725936317,
        0.5840807516847721,
        0.5782104346810317,
        0.5729660625082019,
        0.5675969999234627,
        0.5639160493525063,
        0.5578730998298688,
        0.5530839145519049,
        0.5498837061491961,
        0.5458909655825058,
        0.5417832137943432,
        0.5376469026587023,
        0.5357148883490357,
        0.5328262198709413,
        0.5297670823324465,
        0.5266564753444736
      ],
      "val_loss": [
        4.137118960218013,
        4.095479657387481,
        4.053032352194347,
        4.0371893024013055,
        4.008711138821655,
        3.9907206776994384,
        3.9724066102846356,
        3.968530366503455,
        3.9570405299846945,
        3.9615629125684273,
        3.961931007120584,
        3.943144412781498,
        3.944237838503462,
        3.929242244852794,
        3.9357234831129624,
        3.9399322967184074,
        3.9381332483766305,
        3.937777635738321,
        3.935895074007198,
        3.9516776927815664,
        3.9477926415375815,
        3.936038635075542,
        3.9384772198592195,
        3.944142844342538,
        3.9459884263811067,
        3.9432625461307946,
        3.954930142219969,
        3.9549526333988703,
        3.9690657970952055,
        3.958858943812628,
        3.9674427297140498,
        3.9735603505130266,
        3.9649031324084527,
        3.9819667594644996
      ]
    },
    "fit_cs_mean_iterations": 100.0,
    "fit_cs_convergence_rate": 0.0,
    "fit_reconstruction": {
      "mse": 0.12941988172876046,
      "rmse": 0.35974974875427007,
      "rel_frob_err": 0.4647658980297047,
      "r2": 0.7839926600286429
    }
  },
  "fit_time": 96.66882586479187,
  "dev_result": {
    "one_step_r2_common": 0.6971141473649857,
    "one_step_rmse_common": 0.46205493040928725,
    "rollout_r2_common": 0.5631307710387055,
    "rollout_rmse_common": 0.5549193163701907,
    "rollout_mae_common": 0.3706038878941026,
    "rollout_rel_frob_common": 0.40736428147329207,
    "stability_gap_r2_common": 0.1339833763262802,
    "first_step_rmse": 0.15474326225669316,
    "last_step_rmse": 0.9838904325801673,
    "worst_trajectory_indices": [
      45,
      31,
      47,
      121,
      117
    ],
    "worst_trajectory_rmse": [
      0.7834629151383363,
      0.776739693055346,
      0.7564230580364235,
      0.741378935708968,
      0.7277691456435029
    ],
    "n_eval_steps_per_trajectory": 13,
    "baseline_one_step_r2_common": 0.6743186234343326,
    "one_step_correction_gain_r2_common": 0.022795523930653094,
    "baseline_rollout_r2_common": 0.517783704288439,
    "rollout_correction_gain_r2_common": 0.04534706675026645,
    "time": 25.340935945510864
  },
  "final_test_result": {
    "one_step_r2_common": 0.7443442545580956,
    "one_step_rmse_common": 0.4234834316039959,
    "rollout_r2_common": 0.6177809343161484,
    "rollout_rmse_common": 0.5178033052359639,
    "rollout_mae_common": 0.34478472209931116,
    "rollout_rel_frob_common": 0.38305115069002643,
    "stability_gap_r2_common": 0.12656332024194716,
    "first_step_rmse": 0.14951860805131387,
    "last_step_rmse": 0.9346546422999352,
    "worst_trajectory_indices": [
      25,
      174,
      37,
      62,
      36
    ],
    "worst_trajectory_rmse": [
      0.6905971168492403,
      0.6839281612033955,
      0.665667636804815,
      0.6628923482185839,
      0.6582144074993058
    ],
    "n_eval_steps_per_trajectory": 13,
    "baseline_one_step_r2_common": 0.723727623882344,
    "one_step_correction_gain_r2_common": 0.02061663067575159,
    "baseline_rollout_r2_common": 0.5714265818331161,
    "rollout_correction_gain_r2_common": 0.046354352483032324,
    "time": 40.20611095428467
  }
}