{
  "protocol": "Experimental CS-based forecasting: QR sensor placement, sparse sensor measurements, coefficient recovery, LSTM coefficient rollout, dictionary reconstruction.",
  "coefficient_source": "sensor_cs",
  "train_shape": [
    160,
    20,
    64,
    64
  ],
  "tuning_train_shape": [
    128,
    20,
    64,
    64
  ],
  "tuning_dev_shape": [
    32,
    20,
    64,
    64
  ],
  "official_test_shape": [
    40,
    20,
    64,
    64
  ],
  "common_warmup_steps": 7,
  "config": {
    "rank": 45,
    "n_sensors": 45,
    "coefficient_source": "sensor_cs",
    "n_train_trajectories": 160,
    "n_test_trajectories": 40,
    "lstm_hidden_size": 128,
    "lstm_num_layers": 2,
    "lstm_seq_length": 7,
    "lstm_num_epochs": 50,
    "lstm_batch_size": 32,
    "cs_max_iter": 100,
    "cs_tol": 0.0001,
    "cs_epsilon_l1": 0.0003,
    "cs_initialization": "zero",
    "correction_hidden_size": 128,
    "correction_num_layers": 2,
    "correction_num_epochs": 80,
    "correction_batch_size": 32,
    "correction_spatial_loss_weight": 0.25,
    "correction_rel_frob_loss_weight": 0.1,
    "common_warmup_steps": 7,
    "skip_official_test": false,
    "verbose": false,
    "output": "scripts/plots/models_eval/cs_forecasting_r45_s45_eps0003_corr_h128_l2_e80_spatial025_rel01_train160_probe.json"
  },
  "sensor_summary": {
    "rank": 45,
    "requested_sensors": 45,
    "actual_sensors": 45,
    "sensor_indices": [
      39,
      80,
      119,
      189,
      556,
      591,
      671,
      793,
      816,
      848,
      887,
      899,
      996,
      1190,
      1396,
      1511,
      1534,
      1539,
      1562,
      1757,
      1803,
      1861,
      1897,
      2105,
      2225,
      2265,
      2445,
      2526,
      2702,
      2740,
      2755,
      2851,
      2899,
      2937,
      2984,
      3268,
      3336,
      3432,
      3453,
      3547,
      3741,
      3760,
      3850,
      3894,
      3999
    ],
    "coefficient_source": "sensor_cs",
    "feature_mode": "coeff_plus_delta",
    "cs_initialization": "zero",
    "correction_enabled": true,
    "correction_num_epochs": 80,
    "correction_training_history": {
      "train_total_loss": [
        1.0839610932279675,
        1.0442868210431497,
        1.0087394266646372,
        0.9621739395603335,
        0.9130931690807256,
        0.862536287865128,
        0.8174267584741745,
        0.7761344777512874,
        0.7382383375326074,
        0.7056562067157003,
        0.6758975964685731,
        0.6472509232761273,
        0.6210955044263089,
        0.5982664063865063,
        0.5776106092185457,
        0.5617333353914287,
        0.5451232729813992,
        0.5293072886416635,
        0.5153292345605105,
        0.49955744387337525,
        0.4882923515673676,
        0.47755689260466966,
        0.4676834111569694,
        0.4576316135591331,
        0.447810883795334,
        0.4413649654226605,
        0.43138976338941765,
        0.42600755292365994,
        0.417852810964685,
        0.4093173474388065,
        0.4044803015966401,
        0.3980761676981798,
        0.3929145108700518,
        0.3853586411404214,
        0.3801431222109413,
        0.3767354863261745,
        0.3717274174521232,
        0.36648430211152067,
        0.3625005505203661,
        0.3586517892452027,
        0.35633905899470747,
        0.3497143705146525,
        0.3457332810844951,
        0.34169434004239907,
        0.3400220585984162
      ],
      "train_latent_loss": [
        1.007104016177435,
        0.9677805172372188,
        0.9326291123846178,
        0.8864727040941,
        0.8379327395023444,
        0.7876903923568322,
        0.7431179875701801,
        0.7021346682876484,
        0.664465483317368,
        0.6321658379711537,
        0.6024824238830382,
        0.5740523868736278,
        0.5481582553677968,
        0.5253587665421211,
        0.5049345429486639,
        0.48906019352500074,
        0.4725401593459318,
        0.45687034433963253,
        0.4428842981116984,
        0.42730604379605025,
        0.41611251724971005,
        0.40534507158475047,
        0.39546128361293453,
        0.3855509456376325,
        0.3756729554536655,
        0.3692643739519076,
        0.35937543566230556,
        0.353982488584015,
        0.3458524612459842,
        0.3373938967919098,
        0.3325082345066387,
        0.3261964811998255,
        0.32099332439054373,
        0.313451469663761,
        0.3083417659701265,
        0.3048775549837547,
        0.2998675035135778,
        0.29466417458801786,
        0.2907029630371888,
        0.2868158156066279,
        0.28454125111818673,
        0.2779503555499231,
        0.2739514170009446,
        0.26996495222973427,
        0.26826970241008663
      ],
      "train_spatial_loss": [
        0.19504994288828578,
        0.19393133876640153,
        0.19269737313595653,
        0.19144710743319396,
        0.1897735765167311,
        0.18885088652417312,
        0.1872360983675242,
        0.18636539472803632,
        0.18572968885100266,
        0.18497264558283633,
        0.184834482712983,
        0.18422738594167373,
        0.18351460707852923,
        0.18347788760564984,
        0.18283995660092137,
        0.18289453712703596,
        0.1826840273889841,
        0.18231845261644275,
        0.18234894801139112,
        0.18183192927643185,
        0.18167385452203622,
        0.1817426601281533,
        0.18187970566938366,
        0.18145159251010257,
        0.18166376897562322,
        0.18159555815733397,
        0.18136788619229877,
        0.18143113038388853,
        0.18137719157414559,
        0.18117970594543498,
        0.18134837003135393,
        0.18109350848161976,
        0.18122588453159794,
        0.18121276229485128,
        0.18090475524802374,
        0.18112970934689135,
        0.18115257778588464,
        0.18102887983056035,
        0.1809668753121953,
        0.18110787613404464,
        0.18101056180838188,
        0.18091760184700134,
        0.18097225429425592,
        0.18088067692689047,
        0.18090867475911324
      ],
      "train_rel_frob_loss": [
        0.2809459336922359,
        0.28023475457999864,
        0.27935977098089537,
        0.2783945919791318,
        0.27717030826017686,
        0.2763317271415285,
        0.2749974497482967,
        0.2740846145926198,
        0.2734042886155763,
        0.27247210793185916,
        0.2720654660310501,
        0.27141684680323075,
        0.2705859947573186,
        0.270381685520549,
        0.2696608399373913,
        0.26949508346583506,
        0.26912105717270624,
        0.2685732576282496,
        0.26857707383136403,
        0.26793419069654084,
        0.26761372789718085,
        0.2677615664528506,
        0.2675220380856081,
        0.26717767867837017,
        0.267219883554122,
        0.2670170346985755,
        0.26672359213210517,
        0.26667284547473513,
        0.26656050317068086,
        0.26628525557381355,
        0.2663497662966787,
        0.266063111355222,
        0.26614715761278906,
        0.26603979840987046,
        0.2657516919649564,
        0.26575504157967517,
        0.26571764072142035,
        0.265629058936962,
        0.2655586931590401,
        0.26559001850146874,
        0.26545171156458186,
        0.265346130184818,
        0.26538798446748774,
        0.26509217596521567,
        0.26525185626916037
      ],