{
  "protocol": "Experimental CS-based forecasting: QR sensor placement, sparse sensor measurements, coefficient recovery, LSTM coefficient rollout, dictionary reconstruction.",
  "coefficient_source": "sensor_cs",
  "train_shape": [
    80,
    20,
    64,
    64
  ],
  "tuning_train_shape": [
    64,
    20,
    64,
    64
  ],
  "tuning_dev_shape": [
    16,
    20,
    64,
    64
  ],
  "official_test_shape": [
    40,
    20,
    64,
    64
  ],
  "common_warmup_steps": 7,
  "config": {
    "rank": 30,
    "n_sensors": 30,
    "coefficient_source": "sensor_cs",
    "n_train_trajectories": 80,
    "n_test_trajectories": 40,
    "lstm_hidden_size": 128,
    "lstm_num_layers": 2,
    "lstm_seq_length": 7,
    "lstm_num_epochs": 50,
    "lstm_batch_size": 32,
    "cs_max_iter": 100,
    "cs_tol": 0.0001,
    "cs_epsilon_l1": 0.001,
    "common_warmup_steps": 7,
    "skip_official_test": false,
    "verbose": false,
    "output": "scripts/plots/models_eval/cs_forecasting_r30_s30_cs100_eps001_probe.json"
  },
  "sensor_summary": {
    "rank": 30,
    "requested_sensors": 30,
    "actual_sensors": 30,
    "sensor_indices": [
      280,
      431,
      485,
      690,
      733,
      777,
      846,
      892,
      1299,
      1376,
      1478,
      1508,
      1519,
      1659,
      2195,
      2246,
      2265,
      2359,
      2414,
      2527,
      3003,
      3085,
      3172,
      3204,
      3558,
      3777,
      3897,
      3917,
      3949,
      3991
    ],
    "coefficient_source": "sensor_cs",
    "feature_mode": "coeff_plus_delta",
    "fit_cs_mean_iterations": 100.0,
    "fit_cs_convergence_rate": 0.0,
    "fit_reconstruction": {
      "mse": 0.17525792577725982,
      "rmse": 0.4186381800281238,
      "rel_frob_err": 0.5441827898705853,
      "r2": 0.7038650912086669
    }
  },
  "fit_time": 12.321078062057495,
  "dev_result": {
    "one_step_r2_common": 0.5237200045157917,
    "one_step_rmse_common": 0.5875459530572812,
    "rollout_r2_common": 0.30782650886205687,
    "rollout_rmse_common": 0.7083014814711963,
    "rollout_mae_common": 0.49551313914900236,
    "rollout_rel_frob_common": 0.5209529093125075,
    "stability_gap_r2_common": 0.21589349565373483,
    "first_step_rmse": 0.26874891563583525,
    "last_step_rmse": 1.179923753699695,
    "worst_trajectory_indices": [
      2,
      7,
      5,
      10,
      1
    ],
    "worst_trajectory_rmse": [
      0.9947693521714552,
      0.8937903663802031,
      0.8437704037888535,
      0.731838345649867,
      0.7278312970977053
    ],
    "n_eval_steps_per_trajectory": 13,
    "time": 2.9482758045196533
  },
  "final_test_result": {
    "one_step_r2_common": 0.6644296874279596,
    "one_step_rmse_common": 0.48036500020323264,
    "rollout_r2_common": 0.6302730751047505,
    "rollout_rmse_common": 0.5042200718286244,
    "rollout_mae_common": 0.35890317666890464,
    "rollout_rel_frob_common": 0.3705472243076604,
    "stability_gap_r2_common": 0.0341566123232091,
    "first_step_rmse": 0.2084921657040087,
    "last_step_rmse": 0.8446611577559815,
    "worst_trajectory_indices": [
      34,
      36,
      25,
      18,
      31
    ],
    "worst_trajectory_rmse": [
      0.6422611132508985,
      0.5998341926106516,
      0.5924689313497759,
      0.5864999213643255,
      0.5814729811141089
    ],
    "n_eval_steps_per_trajectory": 13,
    "time": 7.523913145065308
  }
}