{
  "protocol": "Experimental CS-based forecasting: QR sensor placement, sparse sensor measurements, coefficient recovery, LSTM coefficient rollout, dictionary reconstruction.",
  "coefficient_source": "sensor_cs",
  "train_shape": [
    160,
    20,
    64,
    64
  ],
  "tuning_train_shape": [
    128,
    20,
    64,
    64
  ],
  "tuning_dev_shape": [
    32,
    20,
    64,
    64
  ],
  "official_test_shape": [
    40,
    20,
    64,
    64
  ],
  "common_warmup_steps": 7,
  "config": {
    "rank": 45,
    "n_sensors": 45,
    "coefficient_source": "sensor_cs",
    "n_train_trajectories": 160,
    "n_test_trajectories": 40,
    "lstm_hidden_size": 128,
    "lstm_num_layers": 2,
    "lstm_seq_length": 7,
    "lstm_num_epochs": 50,
    "lstm_batch_size": 32,
    "cs_max_iter": 100,
    "cs_tol": 0.0001,
    "cs_epsilon_l1": 0.001,
    "cs_initialization": "zero",
    "correction_hidden_size": 128,
    "correction_num_layers": 2,
    "correction_num_epochs": 80,
    "correction_batch_size": 32,
    "correction_spatial_loss_weight": 0.0,
    "correction_rel_frob_loss_weight": 0.0,
    "common_warmup_steps": 7,
    "skip_official_test": false,
    "verbose": false,
    "output": "scripts/plots/models_eval/cs_forecasting_r45_s45_eps001_corr_h128_l2_e80_train160_probe.json"
  },
  "sensor_summary": {
    "rank": 45,
    "requested_sensors": 45,
    "actual_sensors": 45,
    "sensor_indices": [
      39,
      80,
      119,
      189,
      556,
      591,
      671,
      793,
      816,
      848,
      887,
      899,
      996,
      1190,
      1396,
      1511,
      1534,
      1539,
      1562,
      1757,
      1803,
      1861,
      1897,
      2105,
      2225,
      2265,
      2445,
      2526,
      2702,
      2740,
      2755,
      2851,
      2899,
      2937,
      2984,
      3268,
      3336,
      3432,
      3453,
      3547,
      3741,
      3760,
      3850,
      3894,
      3999
    ],
    "coefficient_source": "sensor_cs",
    "feature_mode": "coeff_plus_delta",
    "cs_initialization": "zero",
    "correction_enabled": true,
    "correction_num_epochs": 80,
    "correction_training_history": {
      "train_loss": [
        1.0072542939610432,
        0.9684737879406453,
        0.9331529902836496,
        0.887044028548993,
        0.8384794966847289,
        0.7885423442896675,
        0.7423141143800267,
        0.7012334087495531,
        0.6635854928382022,
        0.6302675040239303,
        0.6002560323539723,
        0.5727032320531784,
        0.5464425119339611,
        0.5253510238717943,
        0.5040093559665019,
        0.4866125674449121,
        0.4701786378390109,
        0.4550469698409689,
        0.4406568928092134,
        0.4277270356274658,
        0.41520640743983456,
        0.40390066692372434,
        0.3942946316969341,
        0.3834199644231868,
        0.3753941412874656,
        0.36853333008595,
        0.36024694547034675,
        0.3541502767378748,
        0.34668676044966124,
        0.3377185484133155,
        0.331855699847007,
        0.3262525653497486,
        0.3210035850649326,
        0.31387857038690675,
        0.308913398517203,
        0.3038479572957098,
        0.29983846827509897,
        0.29506956204929324,
        0.2920625038096628,
        0.288799113098133,
        0.28645633797120545,
        0.2797466839690374,
        0.27657816016296455,
        0.27116614679045986,
        0.26835477639826893
      ],
      "val_loss": [
        7.1445271700797,
        7.121976959634814,
        7.090335360645542,
        7.066714924468092,
        7.02874337709867,
        7.03103983049562,
        6.989976256556765,
        6.999241428262383,
        6.968528645983814,
        6.967912301509338,
        6.967488029299403,
        6.953732535683897,
        6.970841379560662,
        6.960083013455543,
        6.96370564409967,
        6.958902037355322,
        6.953364767266448,
        6.948688117710091,
        6.941671568966476,
        6.932523456550914,
        6.932568014020751,
        6.9350982925595615,
        6.943944186148559,
        6.927877770373102,
        6.918198743515466,
        6.961786687726805,
        6.942408302126552,
        6.926721426156851,
        6.935841571649856,
        6.923661914802867,
        6.931646409119375,
        6.932516425318972,
        6.956830273013143,
        6.940274627956413,
        6.962586560898279,
        6.964783239646776,
        6.93856834659915,
        6.956604049050596,
        6.942946253443611,
        6.950123081545858,
        6.944945188669058,
        6.958253984620585,
        6.958520985213963,
        6.9660833516769864,
        6.958903380399625
      ]
    },
    "fit_cs_mean_iterations": 100.0,
    "fit_cs_convergence_rate": 0.0,
    "fit_reconstruction": {
      "mse": 0.13238631828181063,
      "rmse": 0.36384930710640445,
      "rel_frob_err": 0.4700818887471015,
      "r2": 0.7790230178719577
    }
  },
  "fit_time": 30.052715063095093,
  "dev_result": {
    "one_step_r2_common": 0.6232511141665236,
    "one_step_rmse_common": 0.5133212728183411,
    "rollout_r2_common": 0.41684101382014715,
    "rollout_rmse_common": 0.6386409470340328,
    "rollout_mae_common": 0.4297556922669707,
    "rollout_rel_frob_common": 0.4729643209872473,
    "stability_gap_r2_common": 0.2064101003463764,
    "first_step_rmse": 0.18467887919761125,
    "last_step_rmse": 1.1135487640266177,
    "worst_trajectory_indices": [
      2,
      21,
      11,
      8,
      25
    ],
    "worst_trajectory_rmse": [
      0.852080547891869,
      0.7950586791617271,
      0.7698162232662424,
      0.7672722093340265,
      0.754177293072201
    ],
    "n_eval_steps_per_trajectory": 13,
    "baseline_one_step_r2_common": 0.6019248343674694,
    "one_step_correction_gain_r2_common": 0.021326279799054215,
    "baseline_rollout_r2_common": 0.4115866130895719,
    "rollout_correction_gain_r2_common": 0.005254400730575259,
    "time": 6.435029983520508
  },
  "final_test_result": {
    "one_step_r2_common": 0.7414439223474315,
    "one_step_rmse_common": 0.42165471983312114,
    "rollout_r2_common": 0.697015212823538,
    "rollout_rmse_common": 0.4564466270755933,
    "rollout_mae_common": 0.3120571915930864,
    "rollout_rel_frob_common": 0.3354389088361022,
    "stability_gap_r2_common": 0.04442870952389355,
    "first_step_rmse": 0.15181159252431928,
    "last_step_rmse": 0.7760071633334694,
    "worst_trajectory_indices": [
      33,
      1,
      34,
      31,
      30
    ],
    "worst_trajectory_rmse": [
      0.5558993348444146,
      0.5542915114337643,
      0.5527714583248236,
      0.5508148589623452,
      0.5405811187018892
    ],
    "n_eval_steps_per_trajectory": 13,
    "baseline_one_step_r2_common": 0.7239861272976227,
    "one_step_correction_gain_r2_common": 0.017457795049808822,
    "baseline_rollout_r2_common": 0.6694228540631205,
    "rollout_correction_gain_r2_common": 0.027592358760417435,
    "time": 7.995171785354614
  }
}