{
  "protocol": "Experimental CS-based forecasting: QR sensor placement, sparse sensor measurements, coefficient recovery, LSTM coefficient rollout, dictionary reconstruction.",
  "coefficient_source": "sensor_cs",
  "train_shape": [
    160,
    20,
    64,
    64
  ],
  "tuning_train_shape": [
    128,
    20,
    64,
    64
  ],
  "tuning_dev_shape": [
    32,
    20,
    64,
    64
  ],
  "official_test_shape": [
    40,
    20,
    64,
    64
  ],
  "common_warmup_steps": 7,
  "config": {
    "rank": 30,
    "n_sensors": 30,
    "coefficient_source": "sensor_cs",
    "n_train_trajectories": 160,
    "n_test_trajectories": 40,
    "lstm_hidden_size": 128,
    "lstm_num_layers": 2,
    "lstm_seq_length": 7,
    "lstm_num_epochs": 50,
    "lstm_batch_size": 32,
    "cs_max_iter": 100,
    "cs_tol": 0.0001,
    "cs_epsilon_l1": 0.01,
    "common_warmup_steps": 7,
    "skip_official_test": false,
    "verbose": false,
    "output": "scripts/plots/models_eval/cs_forecasting_r30_s30_cs100_eps01_train160_probe.json"
  },
  "sensor_summary": {
    "rank": 30,
    "requested_sensors": 30,
    "actual_sensors": 30,
    "sensor_indices": [
      52,
      104,
      197,
      216,
      650,
      671,
      878,
      888,
      1038,
      1124,
      1367,
      1534,
      1603,
      1698,
      1772,
      1996,
      2069,
      2287,
      2372,
      2467,
      2548,
      2875,
      2982,
      3021,
      3034,
      3328,
      3494,
      3696,
      3738,
      3903
    ],
    "coefficient_source": "sensor_cs",
    "feature_mode": "coeff_plus_delta",
    "fit_cs_mean_iterations": 100.0,
    "fit_cs_convergence_rate": 0.0,
    "fit_reconstruction": {
      "mse": 0.17202528442959528,
      "rmse": 0.4147593090330768,
      "rel_frob_err": 0.5358560138983416,
      "r2": 0.7128583323689802
    }
  },
  "fit_time": 23.632519960403442,
  "dev_result": {
    "one_step_r2_common": 0.5914361668328414,
    "one_step_rmse_common": 0.5345560311563674,
    "rollout_r2_common": 0.43154626611244573,
    "rollout_rmse_common": 0.6305373771480794,
    "rollout_mae_common": 0.43720536125145293,
    "rollout_rel_frob_common": 0.4669629841696157,
    "stability_gap_r2_common": 0.15988990072039566,
    "first_step_rmse": 0.22988626747350321,
    "last_step_rmse": 1.0811323901053527,
    "worst_trajectory_indices": [
      14,
      8,
      4,
      26,
      24
    ],
    "worst_trajectory_rmse": [
      0.8076395495813764,
      0.804905532284636,
      0.7800117814753549,
      0.7491284811908911,
      0.7266805511920187
    ],
    "n_eval_steps_per_trajectory": 13,
    "time": 5.8299009799957275
  },
  "final_test_result": {
    "one_step_r2_common": 0.6602279496991429,
    "one_step_rmse_common": 0.48336301407553084,
    "rollout_r2_common": 0.5652889765546607,
    "rollout_rmse_common": 0.5467388276648171,
    "rollout_mae_common": 0.38639381808015516,
    "rollout_rel_frob_common": 0.40179391168957684,
    "stability_gap_r2_common": 0.09493897314448219,
    "first_step_rmse": 0.22155715035112414,
    "last_step_rmse": 0.9138397081417463,
    "worst_trajectory_indices": [
      38,
      17,
      1,
      34,
      27
    ],
    "worst_trajectory_rmse": [
      0.7875036260508541,
      0.6741467264244871,
      0.6557115195002252,
      0.6289884369797414,
      0.6213102922164541
    ],
    "n_eval_steps_per_trajectory": 13,
    "time": 7.352928876876831
  }
}