{
  "protocol": "Experimental CS-based forecasting: QR sensor placement, sparse sensor measurements, coefficient recovery, LSTM coefficient rollout, dictionary reconstruction.",
  "coefficient_source": "sensor_cs",
  "train_shape": [
    160,
    20,
    64,
    64
  ],
  "tuning_train_shape": [
    128,
    20,
    64,
    64
  ],
  "tuning_dev_shape": [
    32,
    20,
    64,
    64
  ],
  "official_test_shape": [
    40,
    20,
    64,
    64
  ],
  "common_warmup_steps": 7,
  "config": {
    "rank": 30,
    "n_sensors": 30,
    "coefficient_source": "sensor_cs",
    "n_train_trajectories": 160,
    "n_test_trajectories": 40,
    "lstm_hidden_size": 128,
    "lstm_num_layers": 2,
    "lstm_seq_length": 7,
    "lstm_num_epochs": 50,
    "lstm_batch_size": 32,
    "cs_max_iter": 100,
    "cs_tol": 0.0001,
    "cs_epsilon_l1": 0.001,
    "common_warmup_steps": 7,
    "skip_official_test": false,
    "verbose": false,
    "output": "scripts/plots/models_eval/cs_forecasting_r30_s30_cs100_eps001_train160_probe.json"
  },
  "sensor_summary": {
    "rank": 30,
    "requested_sensors": 30,
    "actual_sensors": 30,
    "sensor_indices": [
      52,
      104,
      197,
      216,
      650,
      671,
      878,
      888,
      1038,
      1124,
      1367,
      1534,
      1603,
      1698,
      1772,
      1996,
      2069,
      2287,
      2372,
      2467,
      2548,
      2875,
      2982,
      3021,
      3034,
      3328,
      3494,
      3696,
      3738,
      3903
    ],
    "coefficient_source": "sensor_cs",
    "feature_mode": "coeff_plus_delta",
    "fit_cs_mean_iterations": 100.0,
    "fit_cs_convergence_rate": 0.0,
    "fit_reconstruction": {
      "mse": 0.1669122388850493,
      "rmse": 0.4085489430717565,
      "rel_frob_err": 0.5278324159310267,
      "r2": 0.7213929406924163
    }
  },
  "fit_time": 25.348012924194336,
  "dev_result": {
    "one_step_r2_common": 0.6014363043765618,
    "one_step_rmse_common": 0.5279735215202191,
    "rollout_r2_common": 0.4448891933884781,
    "rollout_rmse_common": 0.6230933484386573,
    "rollout_mae_common": 0.42921064555959454,
    "rollout_rel_frob_common": 0.4614500899521175,
    "stability_gap_r2_common": 0.15654711098808372,
    "first_step_rmse": 0.21369777724950037,
    "last_step_rmse": 1.0575178602898774,
    "worst_trajectory_indices": [
      8,
      2,
      19,
      26,
      28
    ],
    "worst_trajectory_rmse": [
      0.8266653713835326,
      0.789535345512924,
      0.7351298548779663,
      0.7038721874213675,
      0.6979880712606278
    ],
    "n_eval_steps_per_trajectory": 13,
    "time": 6.214827060699463
  },
  "final_test_result": {
    "one_step_r2_common": 0.6706990176899505,
    "one_step_rmse_common": 0.4758566070992412,
    "rollout_r2_common": 0.603847117044902,
    "rollout_rmse_common": 0.5219284865054029,
    "rollout_mae_common": 0.36432566125226457,
    "rollout_rel_frob_common": 0.3835609940323999,
    "stability_gap_r2_common": 0.06685190064504853,
    "first_step_rmse": 0.198789884917932,
    "last_step_rmse": 0.8854374904017008,
    "worst_trajectory_indices": [
      39,
      34,
      1,
      10,
      31
    ],
    "worst_trajectory_rmse": [
      0.6703253922590066,
      0.6473580810996394,
      0.6465914384170558,
      0.6356146271011434,
      0.6179637252378327
    ],
    "n_eval_steps_per_trajectory": 13,
    "time": 7.679466962814331
  }
}