{
  "protocol": "Experimental CS-based forecasting: QR sensor placement, sparse sensor measurements, coefficient recovery, LSTM coefficient rollout, dictionary reconstruction.",
  "coefficient_source": "sensor_cs",
  "train_shape": [
    160,
    20,
    64,
    64
  ],
  "tuning_train_shape": [
    128,
    20,
    64,
    64
  ],
  "tuning_dev_shape": [
    32,
    20,
    64,
    64
  ],
  "official_test_shape": [
    40,
    20,
    64,
    64
  ],
  "common_warmup_steps": 7,
  "config": {
    "rank": 45,
    "n_sensors": 45,
    "coefficient_source": "sensor_cs",
    "n_train_trajectories": 160,
    "n_test_trajectories": 40,
    "lstm_hidden_size": 128,
    "lstm_num_layers": 2,
    "lstm_seq_length": 7,
    "lstm_num_epochs": 50,
    "lstm_batch_size": 32,
    "cs_max_iter": 100,
    "cs_tol": 0.0001,
    "cs_epsilon_l1": 0.001,
    "cs_initialization": "zero",
    "correction_hidden_size": 256,
    "correction_num_layers": 2,
    "correction_num_epochs": 120,
    "correction_batch_size": 32,
    "correction_spatial_loss_weight": 0.25,
    "correction_rel_frob_loss_weight": 0.1,
    "common_warmup_steps": 7,
    "skip_official_test": false,
    "verbose": false,
    "output": "scripts/plots/models_eval/cs_forecasting_r45_s45_eps001_corr_h256_l2_e120_spatial025_rel01_train160_probe.json"
  },
  "sensor_summary": {
    "rank": 45,
    "requested_sensors": 45,
    "actual_sensors": 45,
    "sensor_indices": [
      39,
      80,
      119,
      189,
      556,
      591,
      671,
      793,
      816,
      848,
      887,
      899,
      996,
      1190,
      1396,
      1511,
      1534,
      1539,
      1562,
      1757,
      1803,
      1861,
      1897,
      2105,
      2225,
      2265,
      2445,
      2526,
      2702,
      2740,
      2755,
      2851,
      2899,
      2937,
      2984,
      3268,
      3336,
      3432,
      3453,
      3547,
      3741,
      3760,
      3850,
      3894,
      3999
    ],
    "coefficient_source": "sensor_cs",
    "feature_mode": "coeff_plus_delta",
    "cs_initialization": "zero",
    "correction_enabled": true,
    "correction_num_epochs": 120,
    "correction_training_history": {
      "train_total_loss": [
        1.0850989872513852,
        1.024255822686588,
        0.9602075477171448,
        0.8777179514840358,
        0.7971892418904541,
        0.7244145739851674,
        0.661506954631115,
        0.6076356600492429,
        0.5615679579442803,
        0.521036129012187,
        0.48525724583621477,
        0.454747175154463,
        0.4268660666716045,
        0.4015573888882253,
        0.3851822481166184,
        0.3705970593257547,
        0.35750258593717493,
        0.34107980846819297,
        0.3271307607222107,
        0.3182370224869269,
        0.3097766455302231,
        0.2991527668671011,
        0.29255532849787946,
        0.2869660358083734,
        0.2808799978295063,
        0.27139962061138356,
        0.2675946620974246,
        0.26117712731275083,
        0.2579282833035715,
        0.25396446431923775,
        0.24699253787821773,
        0.2426240808733628,
        0.23875414462111114,
        0.23899398816027434,
        0.23286725050273885,
        0.23321158565906738,
        0.2325958981323386,
        0.229352327943028,
        0.228363105434458,
        0.2247464439942646,
        0.2179361642935337,
        0.21169368873264635,
        0.2077592061790406,
        0.20840277953205424,
        0.20423892425825513,
        0.20016855963394833,
        0.1987097401334869,
        0.20279297547282857,
        0.20154902734547897,
        0.1982810678435307
      ],
      "train_latent_loss": [
        1.0085108738679152,
        0.9482767152210886,
        0.8849271145701229,
        0.8031867548351375,
        0.7229953189780809,
        0.6510415956445409,
        0.5882386584087734,
        0.5347617469042495,
        0.48904564711482995,
        0.44862135022114485,
        0.4130408500474323,
        0.38261776254547486,
        0.3549001494234324,
        0.32981074957646217,
        0.313475091398032,
        0.298876837233073,
        0.28587164953463395,
        0.26952316678307536,
        0.25552513925737924,
        0.24678583319550365,
        0.23831279537616631,
        0.22774524647366048,
        0.22105531590017258,
        0.21563551310860013,
        0.20944102668114917,
        0.20003003664146182,
        0.19622553884983063,
        0.18981092968227997,
        0.18659898530843572,
        0.18261577993586411,
        0.17568205045269267,
        0.1713646583562523,
        0.16740745589204503,
        0.1677246653611124,
        0.16160065747044564,
        0.161917971854476,
        0.16129964452972959,
        0.1580651852879589,
        0.15707066207899406,
        0.15341749663716167,
        0.1467384205369748,
        0.14046688899285473,
        0.1365139285273861,
        0.13721793496680657,
        0.13304958630740912,
        0.12899627665768562,
        0.12746983494603975,
        0.13154067836286076,
        0.13031163155403253,
        0.12709069357648334
      ],
      "train_spatial_loss": [
        0.19417468684291408,
        0.19224626572063785,
        0.19010432435376612,
        0.18781729966267202,
        0.18686551383807468,
        0.18446828337276683,
        0.18428559437236813,
        0.1832343395883681,
        0.1823290052007586,
        0.1821203518147562,
        0.18164719099552562,
        0.18152869527606044,
        0.18113970992522002,
        0.18054668699724102,
        0.18056651585781736,
        0.18070013827867637,
        0.18045755885934758,
        0.18033991457380322,
        0.18054040722537723,
        0.18019025580645687,
        0.18022897765377527,
        0.18008246060410235,
        0.18049290068279025,
        0.1799291968345642,
        0.1803260395025236,
        0.18014356215255473,
        0.1802007421334225,
        0.1801964118514845,
        0.18012930246050363,
        0.18021514847717313,
        0.18009111233516337,
        0.17992920018339228,
        0.18029048832113748,
        0.18003995559244315,
        0.18001017298094288,
        0.18015619496594368,
        0.1801747861086513,
        0.1801518145864366,
        0.18019588505160936,
        0.18030920516851262,
        0.1798900170518622,
        0.18004469921865793,
        0.18007799006470368,
        0.17989262485621021,
        0.17995174204422157,
        0.17989643841847036,
        0.180104961290079,
        0.18013459830622147,
        0.18012282845661112,
        0.17997370979455082
      ],