{
  "protocol": "Experimental CS-based forecasting: QR sensor placement, sparse sensor measurements, coefficient recovery, LSTM coefficient rollout, dictionary reconstruction.",
  "coefficient_source": "sensor_cs",
  "train_shape": [
    160,
    20,
    64,
    64
  ],
  "tuning_train_shape": [
    128,
    20,
    64,
    64
  ],
  "tuning_dev_shape": [
    32,
    20,
    64,
    64
  ],
  "official_test_shape": [
    40,
    20,
    64,
    64
  ],
  "common_warmup_steps": 7,
  "config": {
    "rank": 45,
    "n_sensors": 45,
    "coefficient_source": "sensor_cs",
    "n_train_trajectories": 160,
    "n_test_trajectories": 40,
    "lstm_hidden_size": 128,
    "lstm_num_layers": 2,
    "lstm_seq_length": 7,
    "lstm_num_epochs": 50,
    "lstm_batch_size": 32,
    "cs_max_iter": 100,
    "cs_tol": 0.0001,
    "cs_epsilon_l1": 0.001,
    "cs_initialization": "zero",
    "correction_hidden_size": 128,
    "correction_num_layers": 2,
    "correction_num_epochs": 80,
    "correction_batch_size": 32,
    "correction_spatial_loss_weight": 0.1,
    "correction_rel_frob_loss_weight": 0.0,
    "common_warmup_steps": 7,
    "skip_official_test": false,
    "verbose": false,
    "output": "scripts/plots/models_eval/cs_forecasting_r45_s45_eps001_corr_h128_l2_e80_spatial01_train160_probe.json"
  },
  "sensor_summary": {
    "rank": 45,
    "requested_sensors": 45,
    "actual_sensors": 45,
    "sensor_indices": [
      39,
      80,
      119,
      189,
      556,
      591,
      671,
      793,
      816,
      848,
      887,
      899,
      996,
      1190,
      1396,
      1511,
      1534,
      1539,
      1562,
      1757,
      1803,
      1861,
      1897,
      2105,
      2225,
      2265,
      2445,
      2526,
      2702,
      2740,
      2755,
      2851,
      2899,
      2937,
      2984,
      3268,
      3336,
      3432,
      3453,
      3547,
      3741,
      3760,
      3850,
      3894,
      3999
    ],
    "coefficient_source": "sensor_cs",
    "feature_mode": "coeff_plus_delta",
    "cs_initialization": "zero",
    "correction_enabled": true,
    "correction_num_epochs": 80,
    "correction_training_history": {
      "train_total_loss": [
        1.0267409240857868,
        0.9879564530529408,
        0.9526130971505811,
        0.9070543734016822,
        0.8583211193976539,
        0.8084498262693081,
        0.7634317881201547,
        0.7224015631287346,
        0.6856519550219919,
        0.6511366360147974,
        0.6215888294159557,
        0.594145071991968,
        0.5681529143097533,
        0.5472782722605479,
        0.526170696248476,
        0.5080390919567414,
        0.4914468972751278,
        0.47544819512158676,
        0.4618744711710497,
        0.44698419969186165,
        0.43485758450236256,
        0.42329008717702343,
        0.41447977827325305,
        0.40443099956526835,
        0.39651059088484014,
        0.38870166954591445,
        0.379766799206108,
        0.37353895593372766,
        0.36598757493729683,
        0.35825873342754255,
        0.3517591154952934,
        0.34460132985992487,
        0.3395767408348676,
        0.33361601883469666,
        0.3275792144722169,
        0.3228385701528322,
        0.3187769191117668,
        0.3134778364930937,
        0.3095607068923444,
        0.30501626151000033,
        0.30176966600288635,
        0.29472701231278986,
        0.2923969223218806,
        0.2898089229880775,
        0.28624693993169975,
        0.2830579945674309,
        0.28114989350464187,
        0.27912312471848627,
        0.27516900185006776,
        0.27137711199160613,
        0.2665148837713814,
        0.2658902402646941,
        0.2638858210177443,
        0.2615694088993389,
        0.25905942498828494,
        0.25689098944671196,
        0.2542581313920417,
        0.2533450875077312,
        0.25062159742165474,
        0.24849540575057671,
        0.24549281286977534,
        0.24455498466844114,
        0.2409758687378954,
        0.23988935710977466,
        0.2389249905471888,
        0.23816048438193033
      ],
      "train_latent_loss": [
        1.0072627022615206,
        0.9685638371635886,
        0.9333091718938376,
        0.8878461535160358,
        0.8392659905809083,
        0.7894631191795948,
        0.7445900385376195,
        0.7036571632143599,
        0.6669566658287566,
        0.63254300213867,
        0.6029958286256631,
        0.5756170516819615,
        0.5496957980849264,
        0.5288012833257246,
        0.5077718840645089,
        0.489619926899267,
        0.47308456129078413,
        0.4570962688681946,
        0.4435325352135107,
        0.4286705665458921,
        0.41658587832436483,
        0.40498974402385957,
        0.3961694215397669,
        0.3861864605190887,
        0.3782144632544453,
        0.37041464762630144,
        0.36151143463488616,
        0.3552748791952119,
        0.3477057911242115,
        0.34003165674425356,
        0.33348486937728583,
        0.3263728851916024,
        0.32131900030383514,
        0.31537150235377465,
        0.3093401274530057,
        0.3045697449109493,
        0.30054905898250966,
        0.29522062058182685,
        0.291342175609206,
        0.28676978302037914,
        0.2835411433001269,
        0.27649094521729656,
        0.2741534241094489,
        0.27159989086930747,
        0.2679991994508251,
        0.2648204213533646,
        0.26296106039309036,
        0.26088424159570694,
        0.25693256400109776,
        0.25314485330027875,
        0.24829563336674446,
        0.24765870739252138,
        0.24567047766161182,
        0.24335160352525667,
        0.24083450468057602,
        0.23865910422837933,
        0.23601883204813995,
        0.23511518263798853,
        0.23237618475837765,
        0.23027722991519745,
        0.2272668092948459,
        0.22631093994524684,
        0.2227509887509756,
        0.2216879014335966,
        0.22068650753070146,
        0.2199319076933652
      ],
      "train_spatial_loss": [
        0.19478221428699982,
        0.19392618860594288,
        0.19303925771429167,
        0.19208222198360467,
        0.1905513029112895,
        0.1898670330261573,
        0.1884174864756036,
        0.18744403117112984,
        0.1869529197793201,
        0.18593635206668446,
        0.1859300106898692,
        0.1852801470015743,
        0.18457115959617706,
        0.18476988640396125,
        0.18398808947515705,
        0.18419165201316592,
        0.18362336000076426,
        0.18351926293847787,
        0.18341935829429426,
        0.183136344641492,
        0.18271705906045924,
        0.18300342610384004,
        0.18310358601188229,
        0.18244540219393252,
        0.18296124856935908,
        0.18287020159792577,
        0.18255365452255778,
        0.18264076212592434,
        0.182817832444588,
        0.18227075804502535,
        0.1827424493805136,
        0.18228446468598522,
        0.18257738946519825,
        0.18244517530521118,
        0.1823909033095495,
        0.1826882802545575,
        0.18227860924884745,
        0.1825721743284847,
        0.1821853175287333,
        0.18246479672948698,
        0.18228522833116453,
        0.18236064933364027,
        0.1824349714485229,
        0.18209030833179596,
        0.18247741529350006,
        0.18237575242467235,
        0.1818883349812768,
        0.18238883194700445,
        0.1823643831196234,
        0.18232257874348226,
        0.1821925022708165,
        0.18231531759642547,
        0.18215343796649489,
        0.18217804351453507,
        0.18224920024519412,
        0.18231883997920773,
        0.18239299886681556,
        0.18229905033812804,
        0.18245411617049265,
        0.18218176048895174,
        0.1822600391205979,
        0.18244043898348714,
        0.18224880321802597,
        0.18201457379810052,
        0.18238483949214623,
        0.18228576561579338
      ],