{
  "protocol": "Experimental CS-based forecasting: QR sensor placement, sparse sensor measurements, coefficient recovery, LSTM coefficient rollout, dictionary reconstruction.",
  "coefficient_source": "sensor_cs",
  "train_shape": [
    640,
    20,
    64,
    64
  ],
  "tuning_train_shape": [
    512,
    20,
    64,
    64
  ],
  "tuning_dev_shape": [
    128,
    20,
    64,
    64
  ],
  "official_test_shape": [
    200,
    20,
    64,
    64
  ],
  "common_warmup_steps": 7,
  "config": {
    "rank": 45,
    "n_sensors": 45,
    "coefficient_source": "sensor_cs",
    "n_train_trajectories": 640,
    "n_test_trajectories": 200,
    "lstm_hidden_size": 128,
    "lstm_num_layers": 2,
    "lstm_seq_length": 7,
    "lstm_num_epochs": 50,
    "lstm_batch_size": 32,
    "cs_max_iter": 100,
    "cs_tol": 0.0001,
    "cs_epsilon_l1": 0.001,
    "cs_initialization": "zero",
    "correction_hidden_size": 256,
    "correction_num_layers": 3,
    "correction_num_epochs": 120,
    "correction_batch_size": 32,
    "correction_spatial_loss_weight": 0.25,
    "correction_rel_frob_loss_weight": 0.1,
    "common_warmup_steps": 7,
    "skip_official_test": false,
    "verbose": false,
    "output": "scripts/plots/models_eval/cs_forecasting_r45_s45_eps001_corr_h256_l3_e120_spatial025_rel01_train640_test200_summary.json"
  },
  "sensor_summary": {
    "rank": 45,
    "requested_sensors": 45,
    "actual_sensors": 45,
    "sensor_indices": [
      160,
      189,
      394,
      429,
      498,
      591,
      659,
      696,
      792,
      896,
      1154,
      1182,
      1203,
      1224,
      1424,
      1442,
      1636,
      1715,
      1813,
      1978,
      2054,
      2110,
      2198,
      2205,
      2285,
      2444,
      2607,
      2655,
      2739,
      2770,
      2891,
      3000,
      3044,
      3137,
      3155,
      3301,
      3369,
      3526,
      3539,
      3632,
      3738,
      3774,
      3894,
      3932,
      3982
    ],
    "coefficient_source": "sensor_cs",
    "feature_mode": "coeff_plus_delta",
    "cs_initialization": "zero",
    "correction_enabled": true,
    "correction_num_epochs": 120,
    "correction_training_history": {
      "train_total_loss": [
        1.067934321127063,
        1.0207631017208993,
        0.9601073223028129,
        0.9012497673115184,
        0.8460316473726484,
        0.7945661885653383,
        0.7485848868989139,
        0.7065099540391961,
        0.6664791275815266,
        0.6340289572166458,
        0.6025379046937538,
        0.57348411566321,
        0.5497347329839309,
        0.5282239542222157,
        0.5100840215387756,
        0.49020689768370723,
        0.4745406600816165,
        0.46130736818009427,
        0.45072467506043684,
        0.4387491901417387,
        0.4254529961166418,
        0.4166626904739895,
        0.40895725144230627,
        0.40158549519238285,
        0.3935663991305439,
        0.38660323855800877,
        0.38126749102214935,
        0.3752572901477062,
        0.36940247857100966,
        0.3640958175985719,
        0.36095194797578495
      ],
      "train_latent_loss": [
        0.9924131429441427,
        0.9468363480988408,
        0.8875076922422055,
        0.8294418109290819,
        0.7748529786687854,
        0.7238153082792128,
        0.678094054677473,
        0.6362211293395867,
        0.5962886462292125,
        0.5638542948028608,
        0.5323653734423653,
        0.5033793712870042,
        0.47959987526763,
        0.4580954329605174,
        0.439933978392975,
        0.4200349254634993,
        0.40435964982907724,
        0.3910865609126959,
        0.380544375657588,
        0.36855080377093846,
        0.35525189279168007,
        0.34647694092530473,
        0.3387077965611141,
        0.33137048183194245,
        0.3233550700640365,
        0.3163901226046385,
        0.3110271751209674,
        0.3050401214810742,
        0.29913807529222225,
        0.29381265436730736,
        0.29069755062824343
      ],
      "train_spatial_loss": [
        0.19199195903416647,
        0.187495886401656,
        0.18386523575429398,
        0.18170441796139972,
        0.17993095579502955,
        0.1787852286286023,
        0.1780772702052043,
        0.17754013326445395,
        0.17736794165777667,
        0.1773709749303213,
        0.17742528378068842,
        0.17730032084806774,
        0.1774235874246701,
        0.1774210106588439,
        0.17755153854613456,
        0.17763386528666428,
        0.17771007929689217,
        0.17784611180173077,
        0.1777643482356313,
        0.17780783175303833,
        0.17786019254636587,
        0.17786285767635754,
        0.17803342871325994,
        0.17795188556692615,
        0.17794178629793772,
        0.177985172496504,
        0.17808836297626568,
        0.17801269317992857,
        0.1781972440836801,
        0.17822378064185995,
        0.17816377301433073
      ],
      "train_rel_frob_loss": [
        0.2752318694712297,
        0.2705278346954546,
        0.2663332048824536,
        0.26381855658473935,
        0.26195929663266293,
        0.26054570970123747,
        0.2597151352305797,
        0.2590378946926983,
        0.25848493787405863,
        0.2583191833844999,
        0.25816210537421996,
        0.2577966167823906,
        0.2577896148581442,
        0.2577327051261129,
        0.257621584237181,
        0.2576350836659909,
        0.25753490430552783,
        0.25759280245702215,
        0.25739211662625283,
        0.2574642816638857,
        0.25736057165080567,
        0.25720035470672664,
        0.25741097832598336,
        0.257270423813564,
        0.2572588129517732,
        0.25716821981863053,
        0.25718224965049896,
        0.2571399731606972,
        0.25715092351803415,
        0.2572721853265172,
        0.2571345325035181
      ],
      "val_total_loss": [
        4.225883167433703,
        4.162779829620775,
        4.125267865251452,
        4.098438806663271,
        4.047252386763445,
        4.0325545380018415,
        4.028865335214192,
        4.037558431898667,
        4.0129927848079445,
        4.034971494660298,
        4.006580278704429,
        4.022410468278427,
        4.024533688932163,
        4.033614294561326,
        4.029651742535299,
        4.040092845128492,
        4.044375367833479,
        4.040523794441741,
        4.056320606133877,
        4.066062387118333,
        4.061872944752735,
        4.076996229352994,
        4.064787447542447,
        4.083855448445224,
        4.096875790557171,
        4.087160661389565,
        4.092710149773645,
        4.111857379004247,
        4.113935712955296,
        4.119081201596497,
        4.1124277136444505
      ],
      "val_latent_loss": [
        4.140479028854255,
        4.07888734106924,
        4.04310973557232,
        4.017663740644268,
        3.966761641552725,
        3.9521084673264446,
        3.9484834196340985,
        3.9578051164319255,
        3.9329492064083325,
        3.954725113030113,
        3.927077987434997,
        3.9428536751691032,
        3.9450524482611975,
        3.9541794602867344,
        3.949574677652903,
        3.960525366695398,
        3.964566987384319,
        3.960707946420615,
        3.9761533809103757,
        3.9858210931895903,
        3.9818962429443636,
        3.9965666322147144,
        3.9847650765293863,
        4.003391021337265,
        4.01672908875018,
        4.006871574424871,
        4.012496285129276,
        4.031401076827474,
        4.033397130117517,
        4.038542363438671,
        4.032056375506417
      ],