{
  "protocol": "Experimental CS-based forecasting: QR sensor placement, sparse sensor measurements, coefficient recovery, LSTM coefficient rollout, dictionary reconstruction.",
  "coefficient_source": "sensor_cs",
  "train_shape": [
    160,
    20,
    64,
    64
  ],
  "tuning_train_shape": [
    128,
    20,
    64,
    64
  ],
  "tuning_dev_shape": [
    32,
    20,
    64,
    64
  ],
  "official_test_shape": [
    40,
    20,
    64,
    64
  ],
  "common_warmup_steps": 7,
  "config": {
    "rank": 30,
    "n_sensors": 30,
    "coefficient_source": "sensor_cs",
    "n_train_trajectories": 160,
    "n_test_trajectories": 40,
    "lstm_hidden_size": 128,
    "lstm_num_layers": 2,
    "lstm_seq_length": 7,
    "lstm_num_epochs": 50,
    "lstm_batch_size": 32,
    "cs_max_iter": 100,
    "cs_tol": 0.0001,
    "cs_epsilon_l1": 0.001,
    "cs_initialization": "zero",
    "correction_hidden_size": 128,
    "correction_num_layers": 2,
    "correction_num_epochs": 80,
    "correction_batch_size": 32,
    "correction_spatial_loss_weight": 0.0,
    "correction_rel_frob_loss_weight": 0.0,
    "common_warmup_steps": 7,
    "skip_official_test": false,
    "verbose": false,
    "output": "scripts/plots/models_eval/cs_forecasting_r30_s30_eps001_corr_h128_l2_e80_train160_probe.json"
  },
  "sensor_summary": {
    "rank": 30,
    "requested_sensors": 30,
    "actual_sensors": 30,
    "sensor_indices": [
      52,
      104,
      197,
      216,
      650,
      671,
      878,
      888,
      1038,
      1124,
      1367,
      1534,
      1603,
      1698,
      1772,
      1996,
      2069,
      2287,
      2372,
      2467,
      2548,
      2875,
      2982,
      3021,
      3034,
      3328,
      3494,
      3696,
      3738,
      3903
    ],
    "coefficient_source": "sensor_cs",
    "feature_mode": "coeff_plus_delta",
    "cs_initialization": "zero",
    "correction_enabled": true,
    "correction_num_epochs": 80,
    "correction_training_history": {
      "train_loss": [
        1.0064100484682603,
        0.9670408709736071,
        0.9334072399642852,
        0.8916416215860646,
        0.8504076036392834,
        0.807087101727769,
        0.7671817122181797,
        0.7278829512732781,
        0.6904916703970724,
        0.6570327674821131,
        0.6308803033325288,
        0.6007860209427628,
        0.5779323481686335,
        0.5574123127607918,
        0.534459977128387,
        0.5153643965361525,
        0.49986340395465695,
        0.4851397061060277,
        0.4696696551676789,
        0.45520218262845036,
        0.441575890887377,
        0.4303663616626331,
        0.4187458861917033,
        0.4091395239484796,
        0.3995562288376361,
        0.391529878160353,
        0.38294896371044546,
        0.37530679589482996,
        0.3660983396960959,
        0.3588659692763563,
        0.3521968447245084,
        0.3443830976568915,
        0.336928254743507,
        0.3339433335610644,
        0.32645179261629037,
        0.3221449734668386,
        0.31475184536447715,
        0.30946854314293437,
        0.3064223955839108,
        0.3020304555177329,
        0.2974837547783398,
        0.292162283827996,
        0.2867510708478781,
        0.2839085591414755,
        0.2792017578988773,
        0.27559322945852266,
        0.27404661541790626,
        0.2693985866924936,
        0.2650783541155796,
        0.26369539649418217,
        0.2600918923073405,
        0.25777680369523853,
        0.25532870309295336,
        0.25230526600488173,
        0.24927130040360074,
        0.24600029349057384,
        0.24242669770980133
      ],
      "val_loss": [
        7.602124987269295,
        7.584325101953992,
        7.562330866706442,
        7.547757859766131,
        7.538632855612851,
        7.520961332603319,
        7.499419714572162,
        7.492795340408235,
        7.476999277193871,
        7.449247743956436,
        7.473013883511696,
        7.435387684748723,
        7.427709692328639,
        7.444417056247327,
        7.424622947647727,
        7.40998276027702,
        7.391373058747963,
        7.384640321223693,
        7.377509026837772,
        7.392446247078258,
        7.370986001731376,
        7.377998481840777,
        7.3665218804714945,
        7.357492283251158,
        7.354797030341696,
        7.376655572970238,
        7.337206705082098,
        7.357975418045676,
        7.361106686338165,
        7.342174225304959,
        7.3725138557027785,
        7.347269255734054,
        7.344523864384939,
        7.352207686068744,
        7.322810979989859,
        7.320178319716595,
        7.31319891348393,
        7.335255425357254,
        7.335186884953425,
        7.320405316776072,
        7.346119000361516,
        7.346887148343599,
        7.321313265512681,
        7.331605555743155,
        7.3417000798784064,
        7.328130253673305,
        7.358244365488989,
        7.333622571279311,
        7.33788054652468,
        7.326968757358529,
        7.345342585321009,
        7.35639485240688,
        7.346423318400186,
        7.359822301469611,
        7.35732267029892,
        7.336421159597544,
        7.348359203902928
      ]
    },
    "fit_cs_mean_iterations": 100.0,
    "fit_cs_convergence_rate": 0.0,
    "fit_reconstruction": {
      "mse": 0.1669122388850493,
      "rmse": 0.4085489430717565,
      "rel_frob_err": 0.5278324159310267,
      "r2": 0.7213929406924163
    }
  },
  "fit_time": 25.067620754241943,
  "dev_result": {
    "one_step_r2_common": 0.6137715039594822,
    "one_step_rmse_common": 0.5197391485700166,
    "rollout_r2_common": 0.4807051283016095,
    "rollout_rmse_common": 0.6026571188559879,
    "rollout_mae_common": 0.4129057270700676,
    "rollout_rel_frob_common": 0.44631543957776304,
    "stability_gap_r2_common": 0.13306637565787272,
    "first_step_rmse": 0.18487657155346435,
    "last_step_rmse": 1.038581772165146,
    "worst_trajectory_indices": [
      8,
      2,
      19,
      21,
      26
    ],
    "worst_trajectory_rmse": [
      0.7679827542367588,
      0.708222371552725,
      0.6882064631977318,
      0.6631881922559805,
      0.6554111677239347
    ],
    "n_eval_steps_per_trajectory": 13,
    "time": 6.025637149810791
  },
  "final_test_result": {
    "one_step_r2_common": 0.6783279620074407,
    "one_step_rmse_common": 0.47031220142520536,
    "rollout_r2_common": 0.6437606976939427,
    "rollout_rmse_common": 0.4949376664696784,
    "rollout_mae_common": 0.3412591188534344,
    "rollout_rel_frob_common": 0.36372566020732205,
    "stability_gap_r2_common": 0.03456726431349799,
    "first_step_rmse": 0.17016239452631002,
    "last_step_rmse": 0.8376525494235796,
    "worst_trajectory_indices": [
      39,
      34,
      31,
      2,
      30
    ],
    "worst_trajectory_rmse": [
      0.6077013514795816,
      0.5940453944911724,
      0.5917933322523982,
      0.5912899834104882,
      0.5807038777917547
    ],
    "n_eval_steps_per_trajectory": 13,
    "time": 7.574120759963989
  }
}