{
  "protocol": "Experimental CS-based forecasting: QR sensor placement, sparse sensor measurements, coefficient recovery, LSTM coefficient rollout, dictionary reconstruction.",
  "coefficient_source": "sensor_cs",
  "train_shape": [
    80,
    20,
    64,
    64
  ],
  "tuning_train_shape": [
    64,
    20,
    64,
    64
  ],
  "tuning_dev_shape": [
    16,
    20,
    64,
    64
  ],
  "official_test_shape": [
    40,
    20,
    64,
    64
  ],
  "common_warmup_steps": 7,
  "config": {
    "rank": 30,
    "n_sensors": 15,
    "coefficient_source": "sensor_cs",
    "n_train_trajectories": 80,
    "n_test_trajectories": 40,
    "lstm_hidden_size": 128,
    "lstm_num_layers": 2,
    "lstm_seq_length": 7,
    "lstm_num_epochs": 50,
    "lstm_batch_size": 32,
    "cs_max_iter": 50,
    "cs_tol": 0.0001,
    "cs_epsilon_l1": 0.01,
    "common_warmup_steps": 7,
    "skip_official_test": false,
    "verbose": false,
    "output": "scripts/plots/models_eval/cs_forecasting_summary.json"
  },
  "sensor_summary": {
    "rank": 30,
    "requested_sensors": 15,
    "actual_sensors": 15,
    "sensor_indices": [
      280,
      485,
      690,
      777,
      1376,
      1478,
      1508,
      2195,
      2265,
      2359,
      3085,
      3172,
      3558,
      3897,
      3991
    ],
    "coefficient_source": "sensor_cs",
    "feature_mode": "coeff_plus_delta",
    "fit_cs_mean_iterations": 50.0,
    "fit_cs_convergence_rate": 0.0
  },
  "fit_time": 9.970577955245972,
  "dev_result": {
    "one_step_r2_common": 0.21558919430578793,
    "one_step_rmse_common": 0.7540192833114414,
    "rollout_r2_common": 0.16934820850189558,
    "rollout_rmse_common": 0.7759257628409284,
    "rollout_mae_common": 0.6041015574544552,
    "rollout_rel_frob_common": 0.5706902980393477,
    "stability_gap_r2_common": 0.046240985803892354,
    "first_step_rmse": 0.3243481251104139,
    "last_step_rmse": 1.2058454196525843,
    "worst_trajectory_indices": [
      7,
      12,
      11,
      9,
      2
    ],
    "worst_trajectory_rmse": [
      0.8495326499383166,
      0.8418185812607382,
      0.8386592960996925,
      0.8306154662560488,
      0.825950967875583
    ],
    "n_eval_steps_per_trajectory": 13,
    "time": 1.6289732456207275
  },
  "final_test_result": {
    "one_step_r2_common": 0.2595748219361691,
    "one_step_rmse_common": 0.7135430490474415,
    "rollout_r2_common": 0.21226108702602742,
    "rollout_rmse_common": 0.7359880117244085,
    "rollout_mae_common": 0.5701750689530988,
    "rollout_rel_frob_common": 0.5408715957679794,
    "stability_gap_r2_common": 0.04731373491014168,
    "first_step_rmse": 0.29174845319893034,
    "last_step_rmse": 1.1718702366894849,
    "worst_trajectory_indices": [
      25,
      31,
      36,
      30,
      37
    ],
    "worst_trajectory_rmse": [
      0.8558782086221762,
      0.8462355690958389,
      0.8128458327561529,
      0.8116911684275898,
      0.8092121654652652
    ],
    "n_eval_steps_per_trajectory": 13,
    "time": 3.972087860107422
  }
}