{
  "protocol": "Experimental CS-based forecasting: QR sensor placement, sparse sensor measurements, coefficient recovery, LSTM coefficient rollout, dictionary reconstruction.",
  "coefficient_source": "sensor_cs",
  "train_shape": [
    640,
    20,
    64,
    64
  ],
  "tuning_train_shape": [
    512,
    20,
    64,
    64
  ],
  "tuning_dev_shape": [
    128,
    20,
    64,
    64
  ],
  "official_test_shape": [
    200,
    20,
    64,
    64
  ],
  "common_warmup_steps": 7,
  "config": {
    "rank": 30,
    "n_sensors": 30,
    "coefficient_source": "sensor_cs",
    "n_train_trajectories": 640,
    "n_test_trajectories": 200,
    "lstm_hidden_size": 128,
    "lstm_num_layers": 2,
    "lstm_seq_length": 7,
    "lstm_num_epochs": 50,
    "lstm_batch_size": 32,
    "cs_max_iter": 100,
    "cs_tol": 0.0001,
    "cs_epsilon_l1": 0.001,
    "cs_initialization": "zero",
    "common_warmup_steps": 7,
    "skip_official_test": false,
    "verbose": false,
    "output": "scripts/plots/models_eval/cs_forecasting_r30_s30_cs100_eps001_train640_test200_summary.json"
  },
  "sensor_summary": {
    "rank": 30,
    "requested_sensors": 30,
    "actual_sensors": 30,
    "sensor_indices": [
      166,
      280,
      509,
      650,
      689,
      861,
      912,
      1061,
      1224,
      1533,
      1635,
      1741,
      1837,
      2069,
      2339,
      2352,
      2422,
      2498,
      2769,
      2969,
      3108,
      3203,
      3254,
      3367,
      3474,
      3588,
      3694,
      3864,
      4021,
      4042
    ],
    "coefficient_source": "sensor_cs",
    "feature_mode": "coeff_plus_delta",
    "cs_initialization": "zero",
    "fit_cs_mean_iterations": 100.0,
    "fit_cs_convergence_rate": 0.0,
    "fit_reconstruction": {
      "mse": 0.16542940354550323,
      "rmse": 0.40673013601834723,
      "rel_frob_err": 0.5254605391022306,
      "r2": 0.7238912218463933
    }
  },
  "fit_time": 85.69012212753296,
  "dev_result": {
    "one_step_r2_common": 0.6405067891671654,
    "one_step_rmse_common": 0.503384062106655,
    "rollout_r2_common": 0.5502519863861526,
    "rollout_rmse_common": 0.5630393413794706,
    "rollout_mae_common": 0.39000126049590844,
    "rollout_rel_frob_common": 0.413325162732729,
    "stability_gap_r2_common": 0.09025480278101283,
    "first_step_rmse": 0.200768756147938,
    "last_step_rmse": 0.9496607348448225,
    "worst_trajectory_indices": [
      45,
      63,
      3,
      29,
      31
    ],
    "worst_trajectory_rmse": [
      0.832567575130692,
      0.8053703798468119,
      0.7641271176956016,
      0.7532781827198866,
      0.7210480139705708
    ],
    "n_eval_steps_per_trajectory": 13,
    "time": 23.245161056518555
  },
  "final_test_result": {
    "one_step_r2_common": 0.6710167673860612,
    "one_step_rmse_common": 0.4803917349802797,
    "rollout_r2_common": 0.5810654674259308,
    "rollout_rmse_common": 0.5421028934073943,
    "rollout_mae_common": 0.37640779975980315,
    "rollout_rel_frob_common": 0.40102705991315946,
    "stability_gap_r2_common": 0.0899512999601304,
    "first_step_rmse": 0.19699281811585917,
    "last_step_rmse": 0.9201085051011193,
    "worst_trajectory_indices": [
      111,
      35,
      1,
      58,
      31
    ],
    "worst_trajectory_rmse": [
      0.7449940322557282,
      0.7271640420034888,
      0.7190194399793808,
      0.709359612303538,
      0.7007999406016253
    ],
    "n_eval_steps_per_trajectory": 13,
    "time": 36.17005181312561
  }
}