{
  "protocol": "Experimental CS-based forecasting: QR sensor placement, sparse sensor measurements, coefficient recovery, LSTM coefficient rollout, dictionary reconstruction.",
  "coefficient_source": "sensor_cs",
  "train_shape": [
    160,
    20,
    64,
    64
  ],
  "tuning_train_shape": [
    128,
    20,
    64,
    64
  ],
  "tuning_dev_shape": [
    32,
    20,
    64,
    64
  ],
  "official_test_shape": [
    40,
    20,
    64,
    64
  ],
  "common_warmup_steps": 7,
  "config": {
    "rank": 30,
    "n_sensors": 28,
    "coefficient_source": "sensor_cs",
    "n_train_trajectories": 160,
    "n_test_trajectories": 40,
    "lstm_hidden_size": 128,
    "lstm_num_layers": 2,
    "lstm_seq_length": 7,
    "lstm_num_epochs": 50,
    "lstm_batch_size": 32,
    "cs_max_iter": 100,
    "cs_tol": 0.0001,
    "cs_epsilon_l1": 0.01,
    "cs_initialization": "zero",
    "correction_hidden_size": 128,
    "correction_num_layers": 2,
    "correction_num_epochs": 80,
    "correction_batch_size": 32,
    "correction_spatial_loss_weight": 0.0,
    "correction_rel_frob_loss_weight": 0.0,
    "common_warmup_steps": 7,
    "skip_official_test": false,
    "verbose": false,
    "output": "scripts/plots/models_eval/cs_forecasting_r30_s28_eps01_corr_h128_l2_e80_train160_probe.json"
  },
  "sensor_summary": {
    "rank": 30,
    "requested_sensors": 28,
    "actual_sensors": 28,
    "sensor_indices": [
      52,
      104,
      197,
      216,
      650,
      878,
      1038,
      1124,
      1367,
      1534,
      1603,
      1698,
      1772,
      1996,
      2069,
      2287,
      2372,
      2467,
      2548,
      2875,
      2982,
      3021,
      3034,
      3328,
      3494,
      3696,
      3738,
      3903
    ],
    "coefficient_source": "sensor_cs",
    "feature_mode": "coeff_plus_delta",
    "cs_initialization": "zero",
    "correction_enabled": true,
    "correction_num_epochs": 80,
    "correction_training_history": {
      "train_loss": [
        1.0056370851860508,
        0.965771897166383,
        0.9315364680858399,
        0.890377484385604,
        0.8482028411344525,
        0.8043122237624086,
        0.768151156952658,
        0.7290421962558234,
        0.6910038759445892,
        0.6611280369812547,
        0.6319016744108761,
        0.604480096927056,
        0.5830247250257754,
        0.5595764997857728,
        0.5380929309318508,
        0.5199221892234607,
        0.5011847857076838,
        0.4881672267640518,
        0.4734323345248336,
        0.4559627507067374,
        0.44430285916968526,
        0.43045446923954994,
        0.4194284949906811,
        0.4091211062480961,
        0.40092324437419036,
        0.3900493109657754,
        0.38269913326920785,
        0.37312176347138476,
        0.3650676502900965,
        0.3592138932301448,
        0.35157413270498655,
        0.34446236194528607,
        0.336871506716511,
        0.3323957856244451,
        0.3254037818577854,
        0.32101752144898404,
        0.31633792819840156,
        0.3105392188597948,
        0.305954820115462,
        0.301972945890815,
        0.2976967843859084,
        0.29261191874787457,
        0.2881107884564551,
        0.2859056511076327,
        0.2821505708931798,
        0.27661909160750664,
        0.2741126885376365,
        0.2686960209009335
      ],
      "val_loss": [
        6.845589112953322,
        6.826847516573393,
        6.8126560696483365,
        6.791646206872703,
        6.7712388292572205,
        6.75725764776828,
        6.744747551235221,
        6.721270566861305,
        6.700959719144381,
        6.707720022935134,
        6.699087221946942,
        6.710041333937786,
        6.691836639268864,
        6.693208592883228,
        6.686597914385373,
        6.701330602521727,
        6.6953494619335645,
        6.679959505972778,
        6.724297602501141,
        6.709617998473037,
        6.703797340393066,
        6.6974679111729,
        6.696115222908336,
        6.683146488031692,
        6.704282506683169,
        6.691129001640004,
        6.678022960233971,
        6.661152280999358,
        6.686428211144442,
        6.698163500904331,
        6.695111455296623,
        6.71404988102659,
        6.695398167040221,
        6.7163618753647665,
        6.712183049444616,
        6.673766734332022,
        6.704473760706433,
        6.705867846336591,
        6.702108078454373,
        6.7171837451189935,
        6.750847500456861,
        6.722272635916986,
        6.701781927481205,
        6.732495290993233,
        6.734041383280557,
        6.737194196712336,
        6.723866203127528,
        6.757943853118716
      ]
    },
    "fit_cs_mean_iterations": 100.0,
    "fit_cs_convergence_rate": 0.0,
    "fit_reconstruction": {
      "mse": 0.20097224560240137,
      "rmse": 0.44829928128695606,
      "rel_frob_err": 0.5791886057095406,
      "r2": 0.6645405590162397
    }
  },
  "fit_time": 24.317775011062622,
  "dev_result": {
    "one_step_r2_common": 0.574711860658117,
    "one_step_rmse_common": 0.5453871606218679,
    "rollout_r2_common": 0.48526313659843034,
    "rollout_rmse_common": 0.6000064375901508,
    "rollout_mae_common": 0.4268447525726818,
    "rollout_rel_frob_common": 0.4443523996711106,
    "stability_gap_r2_common": 0.08944872405968662,
    "first_step_rmse": 0.21451170444766748,
    "last_step_rmse": 1.01050899513571,
    "worst_trajectory_indices": [
      21,
      19,
      11,
      24,
      2
    ],
    "worst_trajectory_rmse": [
      0.7220330851078958,
      0.6956058844986409,
      0.667364211764789,
      0.6607130624041756,
      0.6516882587914506
    ],
    "n_eval_steps_per_trajectory": 13,
    "time": 6.167388200759888
  },
  "final_test_result": {
    "one_step_r2_common": 0.6257306057784751,
    "one_step_rmse_common": 0.5073080429228515,
    "rollout_r2_common": 0.56729344695466,
    "rollout_rmse_common": 0.5454768536250642,
    "rollout_mae_common": 0.3866696099640289,
    "rollout_rel_frob_common": 0.4008664972455565,
    "stability_gap_r2_common": 0.05843715882381506,
    "first_step_rmse": 0.20166752387683692,
    "last_step_rmse": 0.9189327640247695,
    "worst_trajectory_indices": [
      25,
      34,
      31,
      38,
      33
    ],
    "worst_trajectory_rmse": [
      0.6883868854735483,
      0.6626657973349915,
      0.648148987346104,
      0.6418267228820853,
      0.6261410934732938
    ],
    "n_eval_steps_per_trajectory": 13,
    "time": 7.654405832290649
  }
}