{
  "protocol": "Experimental CS-based forecasting: QR sensor placement, sparse sensor measurements, coefficient recovery, LSTM coefficient rollout, dictionary reconstruction.",
  "coefficient_source": "sensor_cs",
  "train_shape": [
    160,
    20,
    64,
    64
  ],
  "tuning_train_shape": [
    128,
    20,
    64,
    64
  ],
  "tuning_dev_shape": [
    32,
    20,
    64,
    64
  ],
  "official_test_shape": [
    40,
    20,
    64,
    64
  ],
  "common_warmup_steps": 7,
  "config": {
    "rank": 45,
    "n_sensors": 45,
    "coefficient_source": "sensor_cs",
    "n_train_trajectories": 160,
    "n_test_trajectories": 40,
    "lstm_hidden_size": 128,
    "lstm_num_layers": 2,
    "lstm_seq_length": 7,
    "lstm_num_epochs": 50,
    "lstm_batch_size": 32,
    "cs_max_iter": 100,
    "cs_tol": 0.0001,
    "cs_epsilon_l1": 0.001,
    "cs_initialization": "zero",
    "correction_hidden_size": 256,
    "correction_num_layers": 3,
    "correction_num_epochs": 120,
    "correction_batch_size": 32,
    "correction_spatial_loss_weight": 0.25,
    "correction_rel_frob_loss_weight": 0.1,
    "common_warmup_steps": 7,
    "skip_official_test": false,
    "verbose": false,
    "output": "scripts/plots/models_eval/cs_forecasting_r45_s45_eps001_corr_h256_l3_e120_spatial025_rel01_train160_probe.json"
  },
  "sensor_summary": {
    "rank": 45,
    "requested_sensors": 45,
    "actual_sensors": 45,
    "sensor_indices": [
      39,
      80,
      119,
      189,
      556,
      591,
      671,
      793,
      816,
      848,
      887,
      899,
      996,
      1190,
      1396,
      1511,
      1534,
      1539,
      1562,
      1757,
      1803,
      1861,
      1897,
      2105,
      2225,
      2265,
      2445,
      2526,
      2702,
      2740,
      2755,
      2851,
      2899,
      2937,
      2984,
      3268,
      3336,
      3432,
      3453,
      3547,
      3741,
      3760,
      3850,
      3894,
      3999
    ],
    "coefficient_source": "sensor_cs",
    "feature_mode": "coeff_plus_delta",
    "cs_initialization": "zero",
    "correction_enabled": true,
    "correction_num_epochs": 120,
    "correction_training_history": {
      "train_total_loss": [
        1.0796899184202537,
        1.0510087753133357,
        1.0033989954138594,
        0.9310317055672003,
        0.8568542579000712,
        0.7808818834219943,
        0.7164325109074738,
        0.6578215420875434,
        0.6009465447917783,
        0.558008222198774,
        0.5204119430588021,
        0.4794798780620368,
        0.44693927442146464,
        0.41795119252140167,
        0.396589811031635,
        0.3767520813650675,
        0.3532236737183676,
        0.3376452661207898,
        0.32375042623704015,
        0.3156544432201357,
        0.3023186919825829,
        0.29058200489521746,
        0.27818397474145096,
        0.2658031391342301,
        0.2602566366911294,
        0.2538920994258035,
        0.24764378573380263,
        0.24458077720747096,
        0.239084386919958,
        0.234620165501245,
        0.22937342180655554,
        0.22175542340469218,
        0.21231785663832006,
        0.21027753795433907,
        0.2063663275308379,
        0.2015760838086429,
        0.20009848230474855,
        0.1965136610050187,
        0.19309316379991592,
        0.19221749915256758,
        0.19172684913487095
      ],
      "train_latent_loss": [
        1.003036948170957,
        0.9747932177503364,
        0.927893373581439,
        0.8558806451557269,
        0.7822926940781318,
        0.7070143835037542,
        0.6430778686816876,
        0.5847689862704385,
        0.5282835182740857,
        0.48561816157978227,
        0.4481041431876509,
        0.40746680522396556,
        0.3750029828843308,
        0.3460227853841911,
        0.32481954086060616,
        0.3049047452651897,
        0.2816748584917048,
        0.2660435772589429,
        0.25215259423622716,
        0.2440827020962314,
        0.23075692991685365,
        0.2191551225667266,
        0.2067561424470775,
        0.19434957278170378,
        0.18885044027597475,
        0.18259428398821329,
        0.17628668574546077,
        0.17326055107523053,
        0.16775869356740833,
        0.1633012624707517,
        0.15807339052359262,
        0.15046422853279257,
        0.14101594001009812,
        0.13905201832093805,
        0.13514102105371553,
        0.13036591969823766,
        0.12881070030445788,
        0.12529796330457718,
        0.1218140283613543,
        0.12095764265880325,
        0.12044426468432759
      ],
      "train_spatial_loss": [
        0.19436181468122146,
        0.1929786735485402,
        0.19078167371710322,
        0.18975184925271374,
        0.18803636684766542,
        0.18598111086211772,
        0.18459423106630105,
        0.18374208478906037,
        0.18276408824895482,
        0.18200246852627347,
        0.18194932795128313,
        0.18116729613253074,
        0.18105883370427525,
        0.18115774842139282,
        0.18076173642012508,
        0.18107641118594064,
        0.18029333817383464,
        0.18048972549931136,
        0.1806135224136292,
        0.1805518556998686,
        0.1805917632121306,
        0.18020296056346116,
        0.1802481022041128,
        0.18042447293236244,
        0.18031175099706578,
        0.1800430591244863,
        0.1801946668873006,
        0.1801326803042698,
        0.18020101729920907,
        0.18013755527646652,
        0.18017002770488977,
        0.1800855544267916,
        0.18022942934100983,
        0.17996763418882322,
        0.18000131290332944,
        0.17994612372209223,
        0.18017478347903462,
        0.18000791184772733,
        0.18017826338339354,
        0.18016084210545408,
        0.18024188440804387
      ],
      "train_rel_frob_loss": [
        0.28062509290233456,
        0.2797089230780508,
        0.27810201875944124,
        0.2771310074027307,
        0.2755247417887951,
        0.273722314412058,
        0.27206083466923975,
        0.27117027358052237,
        0.26972005802851456,
        0.2688944654856692,
        0.2682046749113552,
        0.26721249628660365,
        0.2667158361114168,
        0.2663896896990176,
        0.2657983661327247,
        0.26578234336135254,
        0.26475480589931366,
        0.264792586838318,
        0.26444448631813083,
        0.26433779377922934,
        0.26413823711386636,
        0.2637614107060037,
        0.2636580671300356,
        0.263474501770546,
        0.26328257800586985,
        0.26287049693399606,
        0.2630843638834371,
        0.26287055595428155,
        0.26275439126638983,
        0.2628451401022225,
        0.26257525559733896,
        0.26269805406643076,
        0.2624455841867812,
        0.26233612115566546,
        0.262249782546613,
        0.26223634298031145,
        0.2624408546526148,
        0.262137204813202,
        0.26234570334399987,
        0.2621964551564615,
        0.2622211291194861
      ],