{
  "protocol": "Recovery-only diagnostics on train trajectories; no temporal forecaster selection.",
  "config": {
    "rank": 45,
    "n_sensors": 45,
    "n_dictionary_trajectories": 160,
    "n_probe_trajectories": 40,
    "cs_max_iter": 100,
    "cs_tol": 0.0001,
    "cs_epsilon_l1": 0.001,
    "temporal_window_length": 7,
    "temporal_weights": [
      0.1,
      1.0,
      5.0,
      10.0,
      30.0
    ],
    "temporal_ridge_weight": 1e-06,
    "output": "scripts/plots/models_eval/cs_recovery_temporal_diagnostics_r45_s45_train160_probe40.json"
  },
  "dictionary_shape": [
    64,
    64,
    45
  ],
  "basis_shape": [
    45,
    4096
  ],
  "sensor_summary": {
    "requested_sensors": 45,
    "actual_sensors": 45,
    "selection_method": "qr",
    "indices": [
      119,
      125,
      353,
      394,
      488,
      495,
      538,
      654,
      659,
      879,
      888,
      899,
      1246,
      1347,
      1352,
      1379,
      1396,
      1511,
      1551,
      1720,
      1749,
      1897,
      2008,
      2110,
      2183,
      2266,
      2284,
      2356,
      2445,
      2702,
      2740,
      2898,
      3001,
      3044,
      3112,
      3136,
      3331,
      3400,
      3411,
      3623,
      3674,
      3760,
      3850,
      3894,
      3995
    ]
  },
  "sensor_matrix": {
    "shape": [
      45,
      45
    ],
    "rank": 45,
    "condition_number": 6.544948338081102,
    "min_singular_value": 0.02620292657573658,
    "max_singular_value": 0.17149680074472828,
    "column_coherence": 0.2488587870276817
  },
  "sources": {
    "full_projection": {
      "coefficient_error_vs_projection": {
        "mse": 0.0,
        "rmse": 0.0,
        "rel_frob_err": 0.0,
        "r2": 1.0
      },
      "centered_reconstruction": {
        "mse": 0.05251383129691693,
        "rmse": 0.22915896512446754,
        "rel_frob_err": 0.29757065286978834,
        "r2": 0.9113267661445512
      },
      "sparsity": {
        "mean_l1_over_l2": 3.6057002671712173,
        "mean_participation_ratio": 13.414552650657464,
        "mean_abs_coeff": 3.498835568855368,
        "median_abs_coeff": 1.4775518028545247,
        "mean_count_abs_gt_0.001": 44.98125,
        "mean_count_abs_gt_0.01": 44.7925,
        "top_3_energy_fraction_mean": 0.7524959675519552,
        "top_5_energy_fraction_mean": 0.8473370162152395,
        "top_10_energy_fraction_mean": 0.9312041649988643,
        "top_15_energy_fraction_mean": 0.9639608489329323
      },
      "sensor_equation": {
        "sensor_rmse": 0.23173021157614804,
        "sensor_rel_frob_err": 0.29545420968196884
      }
    },
    "sensor_lstsq": {
      "coefficient_error_vs_projection": {
        "mse": 8.424854990333449,
        "rmse": 2.9025600752324574,
        "rel_frob_err": 0.4138032663451613,
        "r2": 0.7653774846444247
      },
      "centered_reconstruction": {
        "mse": 0.14507205262626383,
        "rmse": 0.3808832532762025,
        "rel_frob_err": 0.4945897634116476,
        "r2": 0.7550358118857364
      },
      "sparsity": {
        "mean_l1_over_l2": 3.940491704858788,
        "mean_participation_ratio": 16.06969623252148,
        "mean_abs_coeff": 4.116131436470216,
        "median_abs_coeff": 1.929873549496643,
        "mean_count_abs_gt_0.001": 44.99375,
        "mean_count_abs_gt_0.01": 44.8725,
        "top_3_energy_fraction_mean": 0.698567178769581,
        "top_5_energy_fraction_mean": 0.7918000807569112,
        "top_10_energy_fraction_mean": 0.8925898900095933,
        "top_15_energy_fraction_mean": 0.9409281815459473
      },
      "sensor_equation": {
        "sensor_rmse": 1.3061062586398012e-15,
        "sensor_rel_frob_err": 1.6652752775841154e-15
      }
    },
    "sensor_cs": {
      "coefficient_error_vs_projection": {
        "mse": 6.851690833333506,
        "rmse": 2.617573462834139,
        "rel_frob_err": 0.37317417064397346,
        "r2": 0.8091882958697881
      },
      "centered_reconstruction": {
        "mse": 0.1277887550029735,
        "rmse": 0.35747553063527787,
        "rel_frob_err": 0.46419404529225583,
        "r2": 0.784219854529247
      },
      "sparsity": {
        "mean_l1_over_l2": 4.006283476776571,
        "mean_participation_ratio": 16.36228428576356,
        "mean_abs_coeff": 3.3631035829324483,
        "median_abs_coeff": 1.673026978969574,
        "mean_count_abs_gt_0.001": 44.66625,
        "mean_count_abs_gt_0.01": 44.4,
        "top_3_energy_fraction_mean": 0.6873777385841916,
        "top_5_energy_fraction_mean": 0.7841193476630903,
        "top_10_energy_fraction_mean": 0.8905016776596245,
        "top_15_energy_fraction_mean": 0.9406345176230948
      },
      "sensor_equation": {
        "sensor_rmse": 0.1343045924807358,
        "sensor_rel_frob_err": 0.17123730634067677
      },
      "cs_mean_iterations": 100.0,
      "cs_convergence_rate": 0.0,
      "cs_mean_objective": 0.5571689895168319
    },
    "sensor_temporal_ridge_lam_t_0.1": {
      "coefficient_error_vs_projection": {
        "mse": 16.42811111616016,
        "rmse": 4.0531606329086145,
        "rel_frob_err": 0.5778385512950609,
        "r2": 0.5424960124492506
      },
      "centered_reconstruction": {
        "mse": 0.2329984504930124,
        "rmse": 0.482699130404243,
        "rel_frob_err": 0.6268011172770533,
        "r2": 0.6065660116911509
      },
      "sparsity": {
        "mean_l1_over_l2": 3.515276432389311,
        "mean_participation_ratio": 12.818545855482178,
        "mean_abs_coeff": 2.745218891559572,
        "median_abs_coeff": 1.3367260365150555,
        "mean_count_abs_gt_0.001": 44.99,
        "mean_count_abs_gt_0.01": 44.81125,
        "top_3_energy_fraction_mean": 0.7778936536114073,
        "top_5_energy_fraction_mean": 0.85862640542262,
        "top_10_energy_fraction_mean": 0.9320485383528064,
        "top_15_energy_fraction_mean": 0.9633612314642201
      },
      "sensor_equation": {
        "sensor_rmse": 0.43607791069981766,
        "sensor_rel_frob_err": 0.5559959298757245
      },
      "temporal_regularization": {
        "causal": true,
        "window_length": 7,
        "temporal_weight": 0.1,
        "ridge_weight": 1e-06,
        "objective": "||A Theta.T - Y||_F^2 + lambda_t ||D A||_F^2 + lambda_r ||A||_F^2"
      }
    },
    "sensor_temporal_ridge_lam_t_1": {
      "coefficient_error_vs_projection": {
        "mse": 26.174234070915567,
        "rmse": 5.116076042331229,
        "rel_frob_err": 0.7293730094517819,
        "r2": 0.27107770492548855
      },
      "centered_reconstruction": {
        "mse": 0.34007255522054974,
        "rmse": 0.583157401754063,
        "rel_frob_err": 0.7572495742051933,
        "r2": 0.42576398498918455
      },
      "sparsity": {
        "mean_l1_over_l2": 3.3898153769850548,
        "mean_participation_ratio": 11.92837210643788,
        "mean_abs_coeff": 2.47055351052791,
        "median_abs_coeff": 1.1878705903638471,
        "mean_count_abs_gt_0.001": 44.9725,
        "mean_count_abs_gt_0.01": 44.7625,
        "top_3_energy_fraction_mean": 0.7988553577190288,
        "top_5_energy_fraction_mean": 0.8754922178853178,
        "top_10_energy_fraction_mean": 0.9409332723566594,
        "top_15_energy_fraction_mean": 0.9682055289005939
      },
      "sensor_equation": {
        "sensor_rmse": 0.5767444807652782,
        "sensor_rel_frob_err": 0.7353447079426143
      },
      "temporal_regularization": {
        "causal": true,
        "window_length": 7,
        "temporal_weight": 1.0,
        "ridge_weight": 1e-06,
        "objective": "||A Theta.T - Y||_F^2 + lambda_t ||D A||_F^2 + lambda_r ||A||_F^2"
      }
    },
    "sensor_temporal_ridge_lam_t_5": {
      "coefficient_error_vs_projection": {
        "mse": 27.836948667004464,
        "rmse": 5.276073224189034,
        "rel_frob_err": 0.7521829960645408,
        "r2": 0.22477301703466868
      },
      "centered_reconstruction": {
        "mse": 0.3583396833514094,