{
  "protocol": "Recovery-only diagnostics on train trajectories; no temporal forecaster selection.",
  "config": {
    "rank": 45,
    "n_sensors": 45,
    "n_dictionary_trajectories": 160,
    "n_probe_trajectories": 40,
    "cs_max_iter": 100,
    "cs_tol": 0.0001,
    "cs_epsilon_l1": 0.001,
    "temporal_window_length": 7,
    "temporal_weights": [
      1e-08,
      1e-06,
      0.0001,
      0.001,
      0.01
    ],
    "temporal_ridge_weight": 1e-08,
    "output": "scripts/plots/models_eval/cs_recovery_temporal_microgrid_r45_s45_train160_probe40.json"
  },
  "dictionary_shape": [
    64,
    64,
    45
  ],
  "basis_shape": [
    45,
    4096
  ],
  "sensor_summary": {
    "requested_sensors": 45,
    "actual_sensors": 45,
    "selection_method": "qr",
    "indices": [
      119,
      125,
      353,
      394,
      488,
      495,
      538,
      654,
      659,
      879,
      888,
      899,
      1246,
      1347,
      1352,
      1379,
      1396,
      1511,
      1551,
      1720,
      1749,
      1897,
      2008,
      2110,
      2183,
      2266,
      2284,
      2356,
      2445,
      2702,
      2740,
      2898,
      3001,
      3044,
      3112,
      3136,
      3331,
      3400,
      3411,
      3623,
      3674,
      3760,
      3850,
      3894,
      3995
    ]
  },
  "sensor_matrix": {
    "shape": [
      45,
      45
    ],
    "rank": 45,
    "condition_number": 6.544948338081102,
    "min_singular_value": 0.02620292657573658,
    "max_singular_value": 0.17149680074472828,
    "column_coherence": 0.2488587870276817
  },
  "sources": {
    "full_projection": {
      "coefficient_error_vs_projection": {
        "mse": 0.0,
        "rmse": 0.0,
        "rel_frob_err": 0.0,
        "r2": 1.0
      },
      "centered_reconstruction": {
        "mse": 0.05251383129691693,
        "rmse": 0.22915896512446754,
        "rel_frob_err": 0.29757065286978834,
        "r2": 0.9113267661445512
      },
      "sparsity": {
        "mean_l1_over_l2": 3.6057002671712173,
        "mean_participation_ratio": 13.414552650657464,
        "mean_abs_coeff": 3.498835568855368,
        "median_abs_coeff": 1.4775518028545247,
        "mean_count_abs_gt_0.001": 44.98125,
        "mean_count_abs_gt_0.01": 44.7925,
        "top_3_energy_fraction_mean": 0.7524959675519552,
        "top_5_energy_fraction_mean": 0.8473370162152395,
        "top_10_energy_fraction_mean": 0.9312041649988643,
        "top_15_energy_fraction_mean": 0.9639608489329323
      },
      "sensor_equation": {
        "sensor_rmse": 0.23173021157614804,
        "sensor_rel_frob_err": 0.29545420968196884
      }
    },
    "sensor_lstsq": {
      "coefficient_error_vs_projection": {
        "mse": 8.424854990333449,
        "rmse": 2.9025600752324574,
        "rel_frob_err": 0.4138032663451613,
        "r2": 0.7653774846444247
      },
      "centered_reconstruction": {
        "mse": 0.14507205262626383,
        "rmse": 0.3808832532762025,
        "rel_frob_err": 0.4945897634116476,
        "r2": 0.7550358118857364
      },
      "sparsity": {
        "mean_l1_over_l2": 3.940491704858788,
        "mean_participation_ratio": 16.06969623252148,
        "mean_abs_coeff": 4.116131436470216,
        "median_abs_coeff": 1.929873549496643,
        "mean_count_abs_gt_0.001": 44.99375,
        "mean_count_abs_gt_0.01": 44.8725,
        "top_3_energy_fraction_mean": 0.698567178769581,
        "top_5_energy_fraction_mean": 0.7918000807569112,
        "top_10_energy_fraction_mean": 0.8925898900095933,
        "top_15_energy_fraction_mean": 0.9409281815459473
      },
      "sensor_equation": {
        "sensor_rmse": 1.3061062586398012e-15,
        "sensor_rel_frob_err": 1.6652752775841154e-15
      }
    },
    "sensor_cs": {
      "coefficient_error_vs_projection": {
        "mse": 6.851690833333506,
        "rmse": 2.617573462834139,
        "rel_frob_err": 0.37317417064397346,
        "r2": 0.8091882958697881
      },
      "centered_reconstruction": {
        "mse": 0.1277887550029735,
        "rmse": 0.35747553063527787,
        "rel_frob_err": 0.46419404529225583,
        "r2": 0.784219854529247
      },
      "sparsity": {
        "mean_l1_over_l2": 4.006283476776571,
        "mean_participation_ratio": 16.36228428576356,
        "mean_abs_coeff": 3.3631035829324483,
        "median_abs_coeff": 1.673026978969574,
        "mean_count_abs_gt_0.001": 44.66625,
        "mean_count_abs_gt_0.01": 44.4,
        "top_3_energy_fraction_mean": 0.6873777385841916,
        "top_5_energy_fraction_mean": 0.7841193476630903,
        "top_10_energy_fraction_mean": 0.8905016776596245,
        "top_15_energy_fraction_mean": 0.9406345176230948
      },
      "sensor_equation": {
        "sensor_rmse": 0.1343045924807358,
        "sensor_rel_frob_err": 0.17123730634067677
      },
      "cs_mean_iterations": 100.0,
      "cs_convergence_rate": 0.0,
      "cs_mean_objective": 0.5571689895168319
    },
    "sensor_temporal_ridge_lam_t_1e-08": {
      "coefficient_error_vs_projection": {
        "mse": 8.424707409012804,
        "rmse": 2.9025346525085283,
        "rel_frob_err": 0.41379964195637053,
        "r2": 0.7653815946143541
      },
      "centered_reconstruction": {
        "mse": 0.14507043124945013,
        "rmse": 0.3808811248269598,
        "rel_frob_err": 0.49458699954844687,
        "r2": 0.7550385496925545
      },
      "sparsity": {
        "mean_l1_over_l2": 3.940489225577932,
        "mean_participation_ratio": 16.069675292528384,
        "mean_abs_coeff": 4.116117716696932,
        "median_abs_coeff": 1.9298745737949827,
        "mean_count_abs_gt_0.001": 44.99375,
        "mean_count_abs_gt_0.01": 44.87375,
        "top_3_energy_fraction_mean": 0.698567665368817,
        "top_5_energy_fraction_mean": 0.7918005774715473,
        "top_10_energy_fraction_mean": 0.8925902329938086,
        "top_15_energy_fraction_mean": 0.9409283730520711
      },
      "sensor_equation": {
        "sensor_rmse": 1.7090256231536306e-06,
        "sensor_rel_frob_err": 2.1789943200788223e-06
      },
      "temporal_regularization": {
        "causal": true,
        "window_length": 7,
        "temporal_weight": 1e-08,
        "ridge_weight": 1e-08,
        "objective": "||A Theta.T - Y||_F^2 + lambda_t ||D A||_F^2 + lambda_r ||A||_F^2"
      }
    },
    "sensor_temporal_ridge_lam_t_1e-06": {
      "coefficient_error_vs_projection": {
        "mse": 8.417524374429318,
        "rmse": 2.901297015892947,
        "rel_frob_err": 0.4136231983821458,
        "r2": 0.7655816338605841
      },
      "centered_reconstruction": {
        "mse": 0.1449915160745827,
        "rmse": 0.3807775151904097,
        "rel_frob_err": 0.49445245893741324,
        "r2": 0.7551718034198669
      },
      "sparsity": {
        "mean_l1_over_l2": 3.9403333417067317,
        "mean_participation_ratio": 16.068365672344857,
        "mean_abs_coeff": 4.1156543350808645,
        "median_abs_coeff": 1.9296228045013257,
        "mean_count_abs_gt_0.001": 44.99,
        "mean_count_abs_gt_0.01": 44.875,
        "top_3_energy_fraction_mean": 0.6985995489653715,
        "top_5_energy_fraction_mean": 0.791830665672354,
        "top_10_energy_fraction_mean": 0.8926105837447094,
        "top_15_energy_fraction_mean": 0.9409397765614468
      },
      "sensor_equation": {
        "sensor_rmse": 9.117955914483776e-05,
        "sensor_rel_frob_err": 0.00011625322569317178
      },
      "temporal_regularization": {
        "causal": true,
        "window_length": 7,
        "temporal_weight": 1e-06,
        "ridge_weight": 1e-08,
        "objective": "||A Theta.T - Y||_F^2 + lambda_t ||D A||_F^2 + lambda_r ||A||_F^2"
      }
    },
    "sensor_temporal_ridge_lam_t_0.0001": {
      "coefficient_error_vs_projection": {
        "mse": 7.857010612467025,
        "rmse": 2.8030359634630138,
        "rel_frob_err": 0.39961461857806957,
        "r2": 0.781191297038633
      },