{
  "protocol": "Recovery-only diagnostics on train trajectories; no temporal forecaster selection.",
  "config": {
    "rank": 45,
    "n_sensors": 75,
    "n_dictionary_trajectories": 160,
    "n_probe_trajectories": 40,
    "cs_max_iter": 100,
    "cs_tol": 0.0001,
    "cs_epsilon_l1": 0.001,
    "temporal_window_length": 7,
    "temporal_weights": [
      0.0001,
      0.0003,
      0.001,
      0.003,
      0.01
    ],
    "temporal_ridge_weight": 1e-08,
    "output": "scripts/plots/models_eval/cs_recovery_temporal_microgrid_r45_s75_train160_probe40.json"
  },
  "dictionary_shape": [
    64,
    64,
    45
  ],
  "basis_shape": [
    45,
    4096
  ],
  "sensor_summary": {
    "requested_sensors": 75,
    "actual_sensors": 75,
    "selection_method": "qr_plus_leverage",
    "indices": [
      56,
      119,
      125,
      353,
      394,
      488,
      495,
      538,
      654,
      659,
      879,
      888,
      899,
      1246,
      1253,
      1316,
      1347,
      1352,
      1379,
      1380,
      1396,
      1442,
      1443,
      1505,
      1506,
      1511,
      1551,
      1569,
      1632,
      1720,
      1749,
      1757,
      1758,
      1820,
      1821,
      1883,
      1897,
      1945,
      1946,
      1947,
      2008,
      2009,
      2071,
      2072,
      2110,
      2183,
      2266,
      2284,
      2356,
      2445,
      2576,
      2638,
      2701,
      2702,
      2740,
      2765,
      2766,
      2828,
      2829,
      2891,
      2892,
      2898,
      3001,
      3044,
      3112,
      3136,
      3331,
      3400,
      3411,
      3623,
      3674,
      3760,
      3850,
      3894,
      3995
    ]
  },
  "sensor_matrix": {
    "shape": [
      75,
      45
    ],
    "rank": 45,
    "condition_number": 15.448435850080559,
    "min_singular_value": 0.03148160736677569,
    "max_singular_value": 0.48634159186305775,
    "column_coherence": 0.6866148359905948
  },
  "sources": {
    "full_projection": {
      "coefficient_error_vs_projection": {
        "mse": 0.0,
        "rmse": 0.0,
        "rel_frob_err": 0.0,
        "r2": 1.0
      },
      "centered_reconstruction": {
        "mse": 0.05251383129691693,
        "rmse": 0.22915896512446754,
        "rel_frob_err": 0.29757065286978834,
        "r2": 0.9113267661445512
      },
      "sparsity": {
        "mean_l1_over_l2": 3.6057002671712173,
        "mean_participation_ratio": 13.414552650657464,
        "mean_abs_coeff": 3.498835568855368,
        "median_abs_coeff": 1.4775518028545247,
        "mean_count_abs_gt_0.001": 44.98125,
        "mean_count_abs_gt_0.01": 44.7925,
        "top_3_energy_fraction_mean": 0.7524959675519552,
        "top_5_energy_fraction_mean": 0.8473370162152395,
        "top_10_energy_fraction_mean": 0.9312041649988643,
        "top_15_energy_fraction_mean": 0.9639608489329323
      },
      "sensor_equation": {
        "sensor_rmse": 0.2395200869577188,
        "sensor_rel_frob_err": 0.292783404317497
      }
    },
    "sensor_lstsq": {
      "coefficient_error_vs_projection": {
        "mse": 7.20862265147358,
        "rmse": 2.684887828471346,
        "rel_frob_err": 0.38277083829275516,
        "r2": 0.7992481555257052
      },
      "centered_reconstruction": {
        "mse": 0.13171012507531307,
        "rmse": 0.36291889600200355,
        "rel_frob_err": 0.4712624389948791,
        "r2": 0.7775983501203936
      },
      "sparsity": {
        "mean_l1_over_l2": 3.8999778925634896,
        "mean_participation_ratio": 15.743774235950669,
        "mean_abs_coeff": 4.038370791807289,
        "median_abs_coeff": 1.877341141916854,
        "mean_count_abs_gt_0.001": 44.98875,
        "mean_count_abs_gt_0.01": 44.87,
        "top_3_energy_fraction_mean": 0.7050727119794621,
        "top_5_energy_fraction_mean": 0.7989329503976618,
        "top_10_energy_fraction_mean": 0.8975677041884867,
        "top_15_energy_fraction_mean": 0.9438721615134414
      },
      "sensor_equation": {
        "sensor_rmse": 0.11555441692823303,
        "sensor_rel_frob_err": 0.14125084873630547
      }
    },
    "sensor_cs": {
      "coefficient_error_vs_projection": {
        "mse": 6.675509859417689,
        "rmse": 2.5837008068694196,
        "rel_frob_err": 0.36834511790615393,
        "r2": 0.8140947332275056
      },
      "centered_reconstruction": {
        "mse": 0.12585317301415233,
        "rmse": 0.35475790761327974,
        "rel_frob_err": 0.4606651200482848,
        "r2": 0.7874882185031247
      },
      "sparsity": {
        "mean_l1_over_l2": 4.008884221892028,
        "mean_participation_ratio": 16.391748353891007,
        "mean_abs_coeff": 3.4041143368338362,
        "median_abs_coeff": 1.680946707725525,
        "mean_count_abs_gt_0.001": 44.73125,
        "mean_count_abs_gt_0.01": 44.45625,
        "top_3_energy_fraction_mean": 0.6867890122464664,
        "top_5_energy_fraction_mean": 0.7837683727333778,
        "top_10_energy_fraction_mean": 0.8903095662213947,
        "top_15_energy_fraction_mean": 0.9402260198249036
      },
      "sensor_equation": {
        "sensor_rmse": 0.1534517742108975,
        "sensor_rel_frob_err": 0.18757563686070886
      },
      "cs_mean_iterations": 100.0,
      "cs_convergence_rate": 0.0,
      "cs_mean_objective": 1.0361970665494167
    },
    "sensor_temporal_ridge_lam_t_0.0001": {
      "coefficient_error_vs_projection": {
        "mse": 6.869056732031642,
        "rmse": 2.6208885386508984,
        "rel_frob_err": 0.37364678418705305,
        "r2": 0.8087046755773746
      },
      "centered_reconstruction": {
        "mse": 0.1279795424642568,
        "rmse": 0.35774228498215976,
        "rel_frob_err": 0.4645404348175986,
        "r2": 0.7838976967138058
      },
      "sparsity": {
        "mean_l1_over_l2": 3.890767573886868,
        "mean_participation_ratio": 15.66810497476844,
        "mean_abs_coeff": 4.011902364219155,
        "median_abs_coeff": 1.8613697754416263,
        "mean_count_abs_gt_0.001": 44.98375,
        "mean_count_abs_gt_0.01": 44.85625,
        "top_3_energy_fraction_mean": 0.7069055706291675,
        "top_5_energy_fraction_mean": 0.8006108533210248,
        "top_10_energy_fraction_mean": 0.8986999744374082,
        "top_15_energy_fraction_mean": 0.944527456528719
      },
      "sensor_equation": {
        "sensor_rmse": 0.11566312657041979,
        "sensor_rel_frob_err": 0.14138373270243057
      },
      "temporal_regularization": {
        "causal": true,
        "window_length": 7,
        "temporal_weight": 0.0001,
        "ridge_weight": 1e-08,
        "objective": "||A Theta.T - Y||_F^2 + lambda_t ||D A||_F^2 + lambda_r ||A||_F^2"
      }
    },
    "sensor_temporal_ridge_lam_t_0.0003": {
      "coefficient_error_vs_projection": {
        "mse": 6.406824718445171,
        "rmse": 2.5311706221519663,
        "rel_frob_err": 0.3608561559365878,
        "r2": 0.8215773051751498
      },
      "centered_reconstruction": {
        "mse": 0.12290130989311639,
        "rmse": 0.3505728310823821,
        "rel_frob_err": 0.45523065688018344,
        "r2": 0.79247264341322
      },
      "sparsity": {
        "mean_l1_over_l2": 3.8765748011765813,
        "mean_participation_ratio": 15.552258319755195,
        "mean_abs_coeff": 3.970726375311795,
        "median_abs_coeff": 1.8465672237558572,
        "mean_count_abs_gt_0.001": 44.9825,
        "mean_count_abs_gt_0.01": 44.86875,
        "top_3_energy_fraction_mean": 0.7096798314152619,
        "top_5_energy_fraction_mean": 0.8031786056704768,
        "top_10_energy_fraction_mean": 0.900389058247298,
        "top_15_energy_fraction_mean": 0.9454980465876781
      },
      "sensor_equation": {
        "sensor_rmse": 0.11629769578362541,
        "sensor_rel_frob_err": 0.14215941434515736
      },
      "temporal_regularization": {
        "causal": true,
        "window_length": 7,
        "temporal_weight": 0.0003,
        "ridge_weight": 1e-08,