{
  "train_shape": [
    800,
    20,
    64,
    64
  ],
  "dev_shape": [
    200,
    20,
    64,
    64
  ],
  "official_test_shape": [
    200,
    20,
    64,
    64
  ],
  "selection_split": "train_trajectory_holdout",
  "common_warmup_steps": 7,
  "results": [
    {
      "candidate": "lstm_residual_latent_only",
      "family": "residual",
      "one_step_r2_common": 0.5960364592655512,
      "one_step_rmse_common": 0.5350781435603402,
      "rollout_r2_common": 0.546951831700596,
      "rollout_rmse_common": 0.5666544660684676,
      "rollout_mae_common": 0.39773825905743476,
      "rollout_rel_frob_common": 0.42165529092050125,
      "stability_gap_r2_common": 0.04908462756495513,
      "per_step_rmse": [
        0.21241783458161434,
        0.23986890069971648,
        0.27464129844234764,
        0.3156196375163923,
        0.36062713810162994,
        0.4103917119171753,
        0.46897359812603945,
        0.5379115204877422,
        0.6105766861516201,
        0.6897863059163238,
        0.7863830565903199,
        0.87369141070244,
        0.9265313306330113
      ],
      "worst_trajectory_indices": [
        7,
        199,
        8,
        154,
        91
      ],
      "worst_trajectory_rmse": [
        0.7761380358043937,
        0.7416631342178314,
        0.7308311715241742,
        0.7122473846483229,
        0.6982709845511516
      ],
      "time": 291.39554715156555,
      "metadata": {
        "config": {
          "backend": "pytorch",
          "dtype": "float32",
          "device": "cpu",
          "seed": 0,
          "deterministic": true,
          "verbose": false,
          "log_level": "INFO",
          "ranks": [
            64,
            64,
            5
          ],
          "epsilon": 0.01,
          "random_state": 0,
          "train_ratio": 0.8,
          "forecaster_type": "lstm",
          "spatial_mean_centering": true,
          "latent_normalization": true,
          "delta_forecast": false,
          "projection_refinement_steps": 0,
          "projection_refinement_alpha": 1.0,
          "mlp_hidden_size": 128,
          "mlp_num_layers": 2,
          "mlp_dropout": 0.3,
          "mlp_num_epochs": 500,
          "mlp_learning_rate": 0.001,
          "mlp_weight_decay": 1e-05,
          "mlp_batch_size": 32,
          "mlp_val_split": 0.2,
          "mlp_early_stopping_patience": 30,
          "lstm_hidden_size": 128,
          "lstm_num_layers": 2,
          "lstm_seq_length": 7,
          "lstm_num_epochs": 150,
          "lstm_learning_rate": 0.001,
          "lstm_batch_size": 32,
          "lstm_val_split": 0.2,
          "lstm_early_stopping_patience": 20
        },
        "feature_mode": "latent_plus_delta",
        "correction_head": "mlp_h64_l2_e120",
        "correction_loss": {
          "latent": 1.0,
          "spatial": 0.0,
          "rel_frob": 0.0
        }
      }
    },
    {
      "candidate": "lstm_residual_mixed_spatial_rel",
      "family": "residual",
      "one_step_r2_common": 0.5960248397008996,
      "one_step_rmse_common": 0.5350858389706279,
      "rollout_r2_common": 0.5406301456078808,
      "rollout_rmse_common": 0.5705942257738512,
      "rollout_mae_common": 0.3998953344920924,
      "rollout_rel_frob_common": 0.4245869196717158,
      "stability_gap_r2_common": 0.05539469409301878,
      "per_step_rmse": [
        0.2124183408066967,
        0.2399008678622976,
        0.2748032018037336,
        0.31606999590918705,
        0.3615964766611075,
        0.41211364673664785,
        0.47163312705164884,
        0.5418437558567673,
        0.6155514099336817,
        0.694854235204681,
        0.7915002613460974,
        0.8802687916051355,
        0.9352679341687573
      ],
      "worst_trajectory_indices": [
        7,
        154,
        199,
        36,
        91
      ],
      "worst_trajectory_rmse": [
        0.7874654579554822,
        0.7458655589164735,
        0.7312336160529964,
        0.7201027176339354,
        0.7182223480193901
      ],
      "time": 323.02707409858704,
      "metadata": {
        "config": {
          "backend": "pytorch",
          "dtype": "float32",
          "device": "cpu",
          "seed": 0,
          "deterministic": true,
          "verbose": false,
          "log_level": "INFO",
          "ranks": [
            64,
            64,
            5
          ],
          "epsilon": 0.01,
          "random_state": 0,
          "train_ratio": 0.8,
          "forecaster_type": "lstm",
          "spatial_mean_centering": true,
          "latent_normalization": true,
          "delta_forecast": false,
          "projection_refinement_steps": 0,
          "projection_refinement_alpha": 1.0,
          "mlp_hidden_size": 128,
          "mlp_num_layers": 2,
          "mlp_dropout": 0.3,
          "mlp_num_epochs": 500,
          "mlp_learning_rate": 0.001,
          "mlp_weight_decay": 1e-05,
          "mlp_batch_size": 32,
          "mlp_val_split": 0.2,
          "mlp_early_stopping_patience": 30,
          "lstm_hidden_size": 128,
          "lstm_num_layers": 2,
          "lstm_seq_length": 7,
          "lstm_num_epochs": 150,
          "lstm_learning_rate": 0.001,
          "lstm_batch_size": 32,
          "lstm_val_split": 0.2,
          "lstm_early_stopping_patience": 20
        },
        "feature_mode": "latent_plus_delta",
        "correction_head": "mlp_h64_l2_e120",
        "correction_loss": {
          "latent": 1.0,
          "spatial": 0.1,
          "rel_frob": 0.05
        }
      }
    },
    {
      "candidate": "lstm_h128_l2_s7_e150_plus_delta_features",
      "family": "lstm",
      "one_step_r2_common": 0.5956529826668121,
      "one_step_rmse_common": 0.5353320541896699,
      "rollout_r2_common": 0.5090838167485416,
      "rollout_rmse_common": 0.5898611607090614,
      "rollout_mae_common": 0.4140145032211733,
      "rollout_rel_frob_common": 0.4389237078587359,
      "stability_gap_r2_common": 0.08656916591827046,
      "per_step_rmse": [
        0.21275390998456983,
        0.24104589671983798,
        0.2779251705918531,
        0.3222408271434824,
        0.3712856675015787,
        0.4254634656211458,
        0.48797438366023344,
        0.5596343316036526,
        0.6354642867679369,
        0.7209626958921069,
        0.8220685691391855,
        0.9113971161802905,
        0.9687601654390143
      ],
      "worst_trajectory_indices": [
        7,
        199,
        138,
        91,
        21
      ],
      "worst_trajectory_rmse": [
        0.7903071547073707,
        0.7700122386121366,
        0.7527202658695366,
        0.7494555572309972,
        0.7402323666685837
      ],
      "time": 264.92938590049744,
      "metadata": {
        "config": {
          "backend": "pytorch",
          "dtype": "float32",
          "device": "cpu",
          "seed": 0,
          "deterministic": true,
          "verbose": false,
          "log_level": "INFO",
          "ranks": [
            64,
            64,
            5
          ],
          "epsilon": 0.01,
          "random_state": 0,
          "train_ratio": 0.8,
          "forecaster_type": "lstm",
          "spatial_mean_centering": true,
          "latent_normalization": true,
          "delta_forecast": false,
          "projection_refinement_steps": 0,
          "projection_refinement_alpha": 1.0,
          "mlp_hidden_size": 128,
          "mlp_num_layers": 2,
          "mlp_dropout": 0.3,
          "mlp_num_epochs": 500,
          "mlp_learning_rate": 0.001,
          "mlp_weight_decay": 1e-05,
          "mlp_batch_size": 32,
          "mlp_val_split": 0.2,
          "mlp_early_stopping_patience": 30,
          "lstm_hidden_size": 128,
          "lstm_num_layers": 2,
          "lstm_seq_length": 7,
          "lstm_num_epochs": 150,
          "lstm_learning_rate": 0.001,
          "lstm_batch_size": 32,
          "lstm_val_split": 0.2,
          "lstm_early_stopping_patience": 20
        },