{
  "protocol": "Windowed TBMD recovery diagnostics. Tucker/HOSVD dictionary is fit only on train trajectory windows; probe windows are causal fixed-length history windows. No forecasting model is trained in this script.",
  "config": {
    "n_dictionary_trajectories": 40,
    "n_probe_trajectories": 12,
    "window_length": 7,
    "window_stride": 1,
    "max_dictionary_windows": 256,
    "max_probe_windows": 96,
    "r_tau": 7,
    "r_x": 32,
    "r_y": 32,
    "r_window": 45,
    "n_sensors": 60,
    "cs_max_iter": 100,
    "cs_tol": 0.0001,
    "cs_epsilon_l1": 0.001,
    "sensor_rcond": 1e-06,
    "random_state": 0,
    "output": "scripts/plots/models_eval/windowed_tbmd_qr_cs_r45_s60_train40_probe12.json"
  },
  "train_shape": [
    40,
    20,
    64,
    64
  ],
  "dictionary_window_shape": [
    7,
    64,
    64,
    256
  ],
  "probe_window_shape": [
    7,
    64,
    64,
    96
  ],
  "tbmd_summary": {
    "core_shape": [
      7,
      32,
      32,
      45
    ],
    "factor_shapes": [
      [
        7,
        7
      ],
      [
        64,
        32
      ],
      [
        64,
        32
      ],
      [
        256,
        45
      ]
    ],
    "reconstruction_rel_frob": 0.2486664354801178
  },
  "dictionary_shape": [
    7,
    64,
    64,
    45
  ],
  "sensor_summary": {
    "requested_sensors": 60,
    "actual_sensors": 60,
    "selection_method": "qr_plus_leverage",
    "sensor_indices": [
      892,
      3757,
      8409,
      10326,
      12691,
      14456,
      18144,
      20410,
      20786,
      21231,
      21982,
      22014,
      22648,
      23715,
      23913,
      24000,
      24857,
      24885,
      24941,
      24953,
      25036,
      25297,
      25625,
      25856,
      25972,
      26003,
      26020,
      26124,
      26305,
      26462,
      26646,
      26806,
      26807,
      26869,
      26870,
      26932,
      26933,
      26957,
      26995,
      26996,
      27059,
      27064,
      27117,
      27122,
      27123,
      27185,
      27186,
      27248,
      27249,
      27312,
      27422,
      27534,
      27655,
      27693,
      27748,
      27986,
      28217,
      28255,
      28354,
      28621
    ]
  },
  "sources": {
    "full_window_projection": {
      "coefficient_error_vs_projection": {
        "rmse": 0.0,
        "rel_frob_err": 0.0,
        "r2": 1.0
      },
      "reconstruction": {
        "window_rel_frob_err": 0.25303588099572805,
        "window_rmse": 0.16460437131586236,
        "window_r2": 0.9312756247106468,
        "last_frame_rel_frob_err": 0.29614075533220013,
        "last_frame_rmse": 0.23790149854478004,
        "last_frame_r2": 0.9056263040290511
      },
      "sensor_equation": {
        "sensor_rmse": 0.2546895405256139,
        "sensor_rel_frob_err": 0.28249726478247406
      }
    },
    "window_sensor_lstsq": {
      "coefficient_error_vs_projection": {
        "rmse": 0.0642776638377416,
        "rel_frob_err": 1.0330357940998756,
        "r2": -0.11018883184825867
      },
      "reconstruction": {
        "window_rel_frob_err": 0.5258552684169392,
        "window_rmse": 0.3420782677946201,
        "window_r2": 0.7031896502011288,
        "last_frame_rel_frob_err": 0.49436823856231066,
        "last_frame_rmse": 0.39714542044368495,
        "last_frame_r2": 0.737000013410072
      },
      "sensor_equation": {
        "sensor_rmse": 0.07740374996260864,
        "sensor_rel_frob_err": 0.08585491026925149
      }
    },
    "window_sensor_cs": {
      "coefficient_error_vs_projection": {
        "rmse": 0.06416270331310163,
        "rel_frob_err": 1.0311882108217811,
        "r2": -0.10622124025326718
      },
      "reconstruction": {
        "window_rel_frob_err": 0.5251855355606668,
        "window_rmse": 0.34164259457972873,
        "window_r2": 0.7039452081242739,
        "last_frame_rel_frob_err": 0.4938677527651134,
        "last_frame_rmse": 0.39674336054814613,
        "last_frame_r2": 0.7375322528194699
      },
      "sensor_equation": {
        "sensor_rmse": 0.07740431207796178,
        "sensor_rel_frob_err": 0.08585553375794847
      },
      "cs_mean_iterations": 7.697916666666667,
      "cs_convergence_rate": 1.0,
      "cs_mean_objective": 0.18259881644505851
    }
  }
}